Mission Date,Count
19651001,32
19651002,20
19651003,16
19651004,29
19651005,11
19651006,23
19651007,49
19651008,51
19651009,34
19651010,28
19651011,17
19651012,11
19651013,15
19651014,10
19651015,7
19651016,25
19651017,4
19651018,26
19651019,19
19651020,14
19651021,27
19651022,36
19651023,36
19651024,28
19651025,10
19651026,30
19651027,33
19651028,19
19651029,25
19651030,33
19651031,56
19651101,61
19651102,45
19651103,29
19651104,35
19651105,52
19651106,51
19651107,40
19651108,59
19651109,57
19651110,42
19651111,48
19651112,73
19651113,68
19651114,45
19651115,56
19651116,42
19651117,67
19651118,69
19651119,51
19651120,65
19651121,66
19651122,74
19651123,77
19651124,70
19651125,68
19651126,72
19651127,56
19651128,73
19651129,61
19651130,74
19651201,55
19651202,68
19651203,75
19651204,68
19651205,53
19651206,42
19651207,48
19651208,75
19651209,57
19651210,61
19651211,50
19651212,78
19651213,58
19651214,62
19651215,46
19651216,54
19651217,43
19651218,41
19651219,50
19651220,45
19651221,68
19651222,68
19651223,70
19651224,62
19651225,5
19651226,55
19651227,53
19651228,78
19651229,68
19651230,61
19651231,68
19700101,95
19700102,144
19700103,93
19700104,77
19700105,143
19700106,141
19700107,124
19700108,183
19700109,198
19700110,170
19700111,158
19700112,165
19700113,147
19700114,146
19700115,128
19700116,136
19700117,145
19700118,156
19700119,127
19700120,152
19700121,172
19700122,171
19700123,177
19700124,180
19700125,201
19700126,194
19700127,173
19700128,121
19700129,166
19700130,133
19700131,174
19700201,144
19700202,159
19700203,142
19700204,157
19700205,104
19700206,92
19700207,110
19700208,143
19700209,107
19700210,83
19700211,113
19700212,120
19700213,91
19700214,167
19700215,162
19700216,132
19700217,142
19700218,165
19700219,148
19700220,136
19700221,156
19700222,146
19700223,134
19700224,109
19700225,146
19700226,142
19700227,136
19700228,129
19700229,1
19700301,112
19700302,168
19700303,140
19700304,111
19700305,112
19700306,149
19700307,139
19700308,134
19700309,150
19700310,159
19700311,140
19700312,161
19700313,133
19700314,135
19700315,161
19700316,134
19700317,140
19700318,130
19700319,115
19700320,111
19700321,103
19700322,65
19700323,100
19700324,132
19700325,97
19700326,112
19700327,88
19700328,98
19700329,51
19700330,110
19700331,100
19700401,101
19700402,93
19700403,66
19700404,69
19700405,51
19700406,81
19700407,113
19700408,95
19700409,109
19700410,133
19700411,107
19700412,100
19700413,102
19700414,111
19700415,78
19700416,118
19700417,117
19700418,154
19700419,79
19700420,140
19700421,126
19700422,123
19700423,119
19700424,130
19700425,124
19700426,119
19700427,121
19700428,114
19700429,152
19700430,121
19700501,100
19700502,105
19700503,80
19700504,123
19700505,108
19700506,120
19700507,123
19700508,90
19700509,97
19700510,74
19700511,67
19700512,94
19700513,74
19700514,61
19700515,52
19700516,46
19700517,60
19700518,55
19700519,73
19700520,81
19700521,64
19700522,93
19700523,117
19700524,115
19700525,106
19700526,78
19700527,92
19700528,73
19700529,85
19700530,87
19700531,81
19700601,91
19700602,92
19700603,120
19700604,87
19700605,105
19700606,101
19700607,85
19700608,58
19700609,38
19700610,56
19700611,70
19700612,47
19700613,68
19700614,46
19700615,70
19700616,75
19700617,76
19700618,56
19700619,59
19700620,84
19700621,49
19700622,61
19700623,57
19700624,58
19700625,71
19700626,56
19700627,65
19700628,44
19700629,59
19700630,73
19700701,43
19700702,37
19700703,33
19700704,25
19700705,40
19700706,37
19700707,34
19700708,26
19700709,45
19700710,32
19700711,51
19700712,58
19700713,57
19700714,38
19700715,39
19700716,43
19700717,42
19700718,29
19700719,38
19700720,60
19700721,58
19700722,64
19700723,68
19700724,51
19700725,58
19700726,52
19700727,71
19700728,57
19700729,41
19700730,45
19700731,43
19700801,53
19700802,49
19700803,55
19700804,54
19700805,65
19700806,79
19700807,53
19700808,68
19700809,79
19700810,83
19700811,66
19700812,80
19700813,67
19700814,34
19700815,49
19700816,40
19700817,34
19700818,34
19700819,34
19700820,43
19700821,40
19700822,34
19700823,48
19700824,51
19700825,44
19700826,57
19700827,55
19700828,48
19700829,59
19700830,63
19700831,73
19700901,70
19700902,60
19700903,61
19700904,65
19700905,66
19700906,67
19700907,60
19700908,69
19700909,66
19700910,43
19700911,44
19700912,49
19700913,63
19700914,57
19700915,55
19700916,58
19700917,53
19700918,48
19700919,43
19700920,44
19700921,46
19700922,55
19700923,55
19700924,58
19700925,53
19700926,23
19700927,17
19700928,34
19700929,34
19700930,17
19701001,30
19701002,32
19701003,31
19701004,49
19701005,58
19701006,52
19701007,46
19701008,53
19701009,33
19701010,46
19701011,36
19701012,40
19701013,16
19701014,46
19701015,41
19701016,46
19701017,51
19701018,57
19701019,47
19701020,45
19701021,39
19701022,41
19701023,34
19701024,51
19701025,34
19701026,52
19701027,36
19701028,9
19701029,26
19701030,32
19701031,40
19701101,41
19701102,54
19701103,71
19701104,64
19701105,67
19701106,69
19701107,60
19701108,43
19701109,53
19701110,46
19701111,32
19701112,56
19701113,48
19701114,51
19701115,52
19701116,39
19701117,30
19701118,47
19701119,51
19701120,50
19701121,35
19701122,16
19701123,44
19701124,45
19701125,73
19701126,52
19701127,25
19701128,36
19701129,42
19701130,31
19701201,15
19701202,28
19701203,29
19701204,30
19701205,30
19701206,45
19701207,43
19701208,46
19701209,32
19701210,27
19701211,41
19701212,27
19701213,26
19701214,45
19701215,49
19701216,33
19701217,30
19701218,35
19701219,30
19701220,21
19701221,31
19701222,22
19701223,31
19701224,40
19701225,14
19701226,23
19701227,25
19701228,27
19701229,19
19701230,25
19701231,20
1965-06-01,2
1965-07-01,1
1965-08-01,1
1965-09-01,2
1965-10-01,467
1965-10-02,751
1965-10-03,659
1965-10-04,613
1965-10-05,854
1965-10-06,761
1965-10-07,680
1965-10-08,800
1965-10-09,812
1965-10-10,928
1965-10-11,582
1965-10-12,593
1965-10-13,428
1965-10-14,525
1965-10-15,508
1965-10-16,592
1965-10-17,409
1965-10-18,544
1965-10-19,663
1965-10-20,648
1965-10-21,560
1965-10-22,667
1965-10-23,766
1965-10-24,760
1965-10-25,785
1965-10-26,896
1965-10-27,824
1965-10-28,687
1965-10-29,875
1965-10-30,932
1965-10-31,733
1965-11-01,774
1965-11-02,658
1965-11-03,654
1965-11-04,771
1965-11-05,667
1965-11-06,825
1965-11-07,741
1965-11-08,592
1965-11-09,686
1965-11-10,756
1965-11-11,828
1965-11-12,716
1965-11-13,872
1965-11-14,714
1965-11-15,793
1965-11-16,798
1965-11-17,781
1965-11-18,904
1965-11-19,825
1965-11-20,608
1965-11-21,610
1965-11-22,515
1965-11-23,662
1965-11-24,737
1965-11-25,610
1965-11-26,536
1965-11-27,457
1965-11-28,557
1965-11-29,708
1965-11-30,746
1965-12-01,699
1965-12-02,693
1965-12-03,767
1965-12-04,678
1965-12-05,686
1965-12-06,736
1965-12-07,715
1965-12-08,736
1965-12-09,818
1965-12-10,731
1965-12-11,736
1965-12-12,920
1965-12-13,790
1965-12-14,902
1965-12-15,813
1965-12-16,685
1965-12-17,497
1965-12-18,425
1965-12-19,557
1965-12-20,653
1965-12-21,718
1965-12-22,896
1965-12-23,861
1965-12-24,735
1965-12-25,37
1965-12-26,475
1965-12-27,691
1965-12-28,913
1965-12-29,762
1965-12-30,754
1965-12-31,767
19651001,30
19651002,39
19651003,33
19651004,27
19651005,39
19651006,38
19651007,30
19651008,28
19651009,27
19651010,54
19651011,25
19651012,17
19651013,6
19651014,17
19651015,24
19651016,29
19651017,23
19651018,27
19651019,34
19651020,29
19651021,19
19651022,30
19651023,35
19651024,29
19651025,40
19651026,32
19651027,48
19651028,39
19651029,44
19651030,48
19651031,42
19651101,19
19651102,17
19651103,16
19651104,15
19651105,26
19651106,17
19651107,14
19651108,31
19651109,20
19651110,16
19651111,22
19651112,27
19651113,34
19651114,23
19651115,12
19651116,15
19651117,15
19651118,21
19651119,19
19651120,14
19651121,12
19651122,7
19651123,12
19651124,8
19651125,9
19651126,9
19651127,5
19651128,7
19651129,4
19651130,5
19651201,5
19651202,6
19651203,10
19651204,14
19651205,13
19651206,21
19651207,6
19651208,10
19651209,17
19651210,10
19651211,5
19651212,17
19651213,26
19651214,21
19651215,18
19651216,14
19651217,18
19651218,13
19651219,28
19651220,16
19651221,11
19651222,26
19651223,22
19651224,7
19651226,20
19651227,13
19651228,24
19651229,20
19651230,20
19651231,11
1966-01-01,577
1966-01-02,677
1966-01-03,720
1966-01-04,742
1966-01-05,789
1966-01-06,824
1966-01-07,814
1966-01-08,761
1966-01-09,862
1966-01-10,802
1966-01-11,874
1966-01-12,794
1966-01-13,862
1966-01-14,783
1966-01-15,765
1966-01-16,823
1966-01-17,827
1966-01-18,795
1966-01-19,760
1966-01-20,439
1966-01-21,328
1966-01-22,317
1966-01-23,453
1966-01-24,819
1966-01-25,835
1966-01-26,750
1966-01-27,862
1966-01-28,648
1966-01-29,664
1966-01-30,857
1966-01-31,874
1966-02-01,942
1966-02-02,794
1966-02-03,928
1966-02-04,793
1966-02-05,649
1966-02-06,768
1966-02-07,953
1966-02-08,878
1966-02-09,911
1966-02-10,1039
1966-02-11,941
1966-02-12,1005
1966-02-13,817
1966-02-14,775
1966-02-15,1009
1966-02-16,845
1966-02-17,909
1966-02-18,879
1966-02-19,816
1966-02-20,796
1966-02-21,823
1966-02-22,963
1966-02-23,715
1966-02-24,690
1966-02-25,806
1966-02-26,917
1966-02-27,1005
1966-02-28,1028
1966-03-01,1029
1966-03-02,785
1966-03-03,989
1966-03-04,1143
1966-03-05,914
1966-03-06,1072
1966-03-07,1211
1966-03-08,997
1966-03-09,838
1966-03-10,844
1966-03-11,929
1966-03-12,1101
1966-03-13,1145
1966-03-14,1189
1966-03-15,1001
1966-03-16,976
1966-03-17,1138
1966-03-18,1033
1966-03-19,800
1966-03-20,1078
1966-03-21,1154
1966-03-22,1097
1966-03-23,1116
1966-03-24,1087
1966-03-25,948
1966-03-26,786
1966-03-27,871
1966-03-28,945
1966-03-29,1024
1966-03-30,917
1966-03-31,1075
1966-04-01,1823
1966-04-02,1866
1966-04-03,1981
1966-04-04,1877
1966-04-05,1660
1966-04-06,1708
1966-04-07,1625
1966-04-08,1559
1966-04-09,1403
1966-04-10,1598
1966-04-11,1648
1966-04-12,1450
1966-04-13,1531
1966-04-14,1793
1966-04-15,1686
1966-04-16,1843
1966-04-17,1666
1966-04-18,1568
1966-04-19,1735
1966-04-20,1762
1966-04-21,1940
1966-04-22,1914
1966-04-23,1869
1966-04-24,1718
1966-04-25,1754
1966-04-26,1846
1966-04-27,1844
1966-04-28,2077
1966-04-29,1875
1966-04-30,1800
1966-05-01,878
1966-05-02,785
1966-05-03,676
1966-05-04,549
1966-05-05,884
1966-05-06,779
1966-05-07,422
1966-05-08,693
1966-05-09,724
1966-05-10,1083
1966-05-11,1052
1966-05-12,1034
1966-05-13,1024
1966-05-14,803
1966-05-15,717
1966-05-16,723
1966-05-17,713
1966-05-18,821
1966-05-19,769
1966-05-20,699
1966-05-21,768
1966-05-22,848
1966-05-23,626
1966-05-24,847
1966-05-25,834
1966-05-26,828
1966-05-27,650
1966-05-28,789
1966-05-29,843
1966-05-30,797
1966-05-31,973
1966-06-01,1026
1966-06-02,1087
1966-06-03,1027
1966-06-04,856
1966-06-05,868
1966-06-06,882
1966-06-07,966
1966-06-08,1011
1966-06-09,1031
1966-06-10,977
1966-06-11,997
1966-06-12,979
1966-06-13,900
1966-06-14,978
1966-06-15,1121
1966-06-16,1031
1966-06-17,938
1966-06-18,973
1966-06-19,1012
1966-06-20,1060
1966-06-21,1014
1966-06-22,941
1966-06-23,1024
1966-06-24,1018
1966-06-25,930
1966-06-26,989
1966-06-27,1045
1966-06-28,882
1966-06-29,983
1966-06-30,958
1966-07-01,941
1966-07-02,1024
1966-07-03,1048
1966-07-04,1171
1966-07-05,1229
1966-07-06,1263
1966-07-07,1116
1966-07-08,1149
1966-07-09,1175
1966-07-10,1308
1966-07-11,1255
1966-07-12,1148
1966-07-13,1130
1966-07-14,1144
1966-07-15,1094
1966-07-16,1131
1966-07-17,1136
1966-07-18,1051
1966-07-19,1264
1966-07-20,1204
1966-07-21,1214
1966-07-22,1145
1966-07-23,1080
1966-07-24,1125
1966-07-25,897
1966-07-26,1108
1966-07-27,1251
1966-07-28,1202
1966-07-29,1343
1966-07-30,1295
1966-07-31,1261
1966-08-01,1072
1966-08-02,733
1966-08-03,1167
1966-08-04,1160
1966-08-05,1185
1966-08-06,1221
1966-08-07,1309
1966-08-08,1404
1966-08-09,1358
1966-08-10,1276
1966-08-11,1352
1966-08-12,1312
1966-08-13,1314
1966-08-14,1273
1966-08-15,1315
1966-08-16,1350
1966-08-17,1166
1966-08-18,1209
1966-08-19,1250
1966-08-20,1252
1966-08-21,1195
1966-08-22,1068
1966-08-23,1110
1966-08-24,1410
1966-08-25,1446
1966-08-26,1377
1966-08-27,1246
1966-08-28,1215
1966-08-29,1292
1966-08-30,1353
1966-08-31,1055
1966-09-01,1269
1966-09-02,1341
1966-09-03,1355
1966-09-04,1622
1966-09-05,1593
1966-09-06,1704
1966-09-07,1314
1966-09-08,1556
1966-09-09,1609
1966-09-10,1411
1966-09-11,1230
1966-09-12,1170
1966-09-13,1140
1966-09-14,1141
1966-09-15,1373
1966-09-16,1334
1966-09-17,1216
1966-09-18,1203
1966-09-19,1301
1966-09-20,1243
1966-09-21,1335
1966-09-22,1297
1966-09-23,1184
1966-09-24,1094
1966-09-25,1153
1966-09-26,1179
1966-09-27,1464
1966-09-28,1261
1966-09-29,1372
1966-09-30,908
1966-10-01,1378
1966-10-02,1731
1966-10-03,1673
1966-10-04,1581
1966-10-05,1154
1966-10-06,1502
1966-10-07,1585
1966-10-08,1412
1966-10-09,1286
1966-10-10,1647
1966-10-11,1303
1966-10-12,1465
1966-10-13,1493
1966-10-14,1455
1966-10-15,1127
1966-10-16,1091
1966-10-17,967
1966-10-18,838
1966-10-19,995
1966-10-20,1022
1966-10-21,1022
1966-10-22,752
1966-10-23,675
1966-10-24,888
1966-10-25,948
1966-10-26,1047
1966-10-27,1287
1966-10-28,1007
1966-10-29,1128
1966-10-30,999
1966-10-31,1150
1966-11-01,1350
1966-11-02,1547
1966-11-03,1662
1966-11-04,1630
1966-11-05,1486
1966-11-06,1387
1966-11-07,1579
1966-11-08,1556
1966-11-09,1484
1966-11-10,1336
1966-11-11,1427
1966-11-12,1028
1966-11-13,1260
1966-11-14,1095
1966-11-15,958
1966-11-16,870
1966-11-17,1115
1966-11-18,1115
1966-11-19,1192
1966-11-20,1154
1966-11-21,1186
1966-11-22,1295
1966-11-23,1327
1966-11-24,1630
1966-11-25,864
1966-11-26,856
1966-11-27,928
1966-11-28,1169
1966-11-29,1247
1966-11-30,1032
1966-12-01,994
1966-12-02,1139
1966-12-03,1068
1966-12-04,1448
1966-12-05,1351
1966-12-06,1271
1966-12-07,1378
1966-12-08,1332
1966-12-09,1317
1966-12-10,1454
1966-12-11,1633
1966-12-12,1586
1966-12-13,1372
1966-12-14,1188
1966-12-15,1386
1966-12-16,1310
1966-12-17,1389
1966-12-18,1661
1966-12-19,1789
1966-12-20,1701
1966-12-21,1683
1966-12-22,1211
1966-12-23,1075
1966-12-24,456
1966-12-25,598
1966-12-26,1181
1966-12-27,1020
1966-12-28,941
1966-12-29,1024
1966-12-30,998
1966-12-31,279
1967-01-01,309
1967-01-02,982
1967-01-03,1076
1967-01-04,1151
1967-01-05,1325
1967-01-06,1459
1967-01-07,1367
1967-01-08,1217
1967-01-09,1348
1967-01-10,1247
1967-01-11,1224
1967-01-12,1625
1967-01-13,1528
1967-01-14,1248
1967-01-15,1280
1967-01-16,1337
1967-01-17,1457
1967-01-18,1388
1967-01-19,1564
1967-01-20,1723
1967-01-21,1639
1967-01-22,1265
1967-01-23,1151
1967-01-24,1350
1967-01-25,1500
1967-01-26,1776
1967-01-27,1661
1967-01-28,1875
1967-01-29,1660
1967-01-30,1421
1967-01-31,1527
1967-02-01,1512
1967-02-02,1619
1967-02-03,1771
1967-02-04,1758
1967-02-05,1759
1967-02-06,1934
1967-02-07,1772
1967-02-08,913
1967-02-09,851
1967-02-10,866
1967-02-11,714
1967-02-12,1364
1967-02-13,1636
1967-02-14,1535
1967-02-15,1729
1967-02-16,1714
1967-02-17,1806
1967-02-18,1612
1967-02-19,1783
1967-02-20,1934
1967-02-21,1899
1967-02-22,1749
1967-02-23,1769
1967-02-24,1735
1967-02-25,1574
1967-02-26,1358
1967-02-27,1458
1967-02-28,1526
1967-03-01,1745
1967-03-02,1776
1967-03-03,1722
1967-03-04,1494
1967-03-05,1371
1967-03-06,1200
1967-03-07,1291
1967-03-08,1487
1967-03-09,1392
1967-03-10,1203
1967-03-11,1291
1967-03-12,1440
1967-03-13,1599
1967-03-14,1775
1967-03-15,1215
1967-03-16,1570
1967-03-17,1540
1967-03-18,1346
1967-03-19,1513
1967-03-20,1467
1967-03-21,1513
1967-03-22,1322
1967-03-23,1462
1967-03-24,1460
1967-03-25,1378
1967-03-26,1605
1967-03-27,1623
1967-03-28,1727
1967-03-29,1580
1967-03-30,1766
1967-03-31,1826
1967-04-01,1691
1967-04-02,1534
1967-04-03,1712
1967-04-04,1505
1967-04-05,1527
1967-04-06,1622
1967-04-07,1668
1967-04-08,1821
1967-04-09,1678
1967-04-10,1854
1967-04-11,1630
1967-04-12,1492
1967-04-13,1294
1967-04-14,1665
1967-04-15,1677
1967-04-16,1697
1967-04-17,1716
1967-04-18,1634
1967-04-19,1817
1967-04-20,1598
1967-04-21,1902
1967-04-22,1797
1967-04-23,1636
1967-04-24,1496
1967-04-25,1631
1967-04-26,1717
1967-04-27,1677
1967-04-28,1914
1967-04-29,1707
1967-04-30,1731
1967-05-01,3030
1967-05-02,2812
1967-05-03,3088
1967-05-04,2883
1967-05-05,3055
1967-05-06,2159
1967-05-07,2946
1967-05-08,2935
1967-05-09,2945
1967-05-10,3249
1967-05-11,3168
1967-05-12,3119
1967-05-13,2783
1967-05-14,3000
1967-05-15,2996
1967-05-16,3429
1967-05-17,3250
1967-05-18,3051
1967-05-19,2996
1967-05-20,3153
1967-05-21,3060
1967-05-22,3160
1967-05-23,1608
1967-05-24,3159
1967-05-25,2878
1967-05-26,3158
1967-05-27,2745
1967-05-28,2789
1967-05-29,2814
1967-05-30,2821
1967-05-31,2819
1967-06-01,1614
1967-06-02,1551
1967-06-03,1578
1967-06-04,1195
1967-06-05,1244
1967-06-06,1233
1967-06-07,1491
1967-06-08,1344
1967-06-09,1429
1967-06-10,1609
1967-06-11,1578
1967-06-12,1600
1967-06-13,1664
1967-06-14,1649
1967-06-15,1615
1967-06-16,1821
1967-06-17,1749
1967-06-18,1816
1967-06-19,1849
1967-06-20,1689
1967-06-21,1685
1967-06-22,1849
1967-06-23,1852
1967-06-24,1599
1967-06-25,1673
1967-06-26,1480
1967-06-27,1457
1967-06-28,1520
1967-06-29,1585
1967-06-30,1281
1967-07-01,2004
1967-07-02,1584
1967-07-03,1619
1967-07-04,1670
1967-07-05,1600
1967-07-06,1617
1967-07-07,1486
1967-07-08,1458
1967-07-09,1376
1967-07-10,1347
1967-07-11,1553
1967-07-12,1514
1967-07-13,1610
1967-07-14,1543
1967-07-15,1553
1967-07-16,1474
1967-07-17,1572
1967-07-18,1673
1967-07-19,1523
1967-07-20,1614
1967-07-21,1637
1967-07-22,1414
1967-07-23,1798
1967-07-24,1664
1967-07-25,1619
1967-07-26,1679
1967-07-27,1665
1967-07-28,1661
1967-07-29,1432
1967-07-30,1394
1967-07-31,1517
1967-08-01,1550
1967-08-02,1591
1967-08-03,1785
1967-08-04,1745
1967-08-05,1554
1967-08-06,1732
1967-08-07,1825
1967-08-08,1427
1967-08-09,1444
1967-08-10,1476
1967-08-11,1790
1967-08-12,1717
1967-08-13,1513
1967-08-14,1504
1967-08-15,1708
1967-08-16,1269
1967-08-17,1497
1967-08-18,1627
1967-08-19,1817
1967-08-20,1527
1967-08-21,1345
1967-08-22,2031
1967-08-23,1770
1967-08-24,1694
1967-08-25,1364
1967-08-26,1180
1967-08-27,1543
1967-08-28,1643
1967-08-29,1738
1967-08-30,1579
1967-08-31,1627
1967-09-01,3051
1967-09-02,3125
1967-09-03,2883
1967-09-04,2849
1967-09-05,2458
1967-09-06,2198
1967-09-07,2728
1967-09-08,2536
1967-09-09,2713
1967-09-10,2771
1967-09-11,2749
1967-09-12,2367
1967-09-13,2350
1967-09-14,1844
1967-09-15,2058
1967-09-16,2101
1967-09-17,2077
1967-09-18,2136
1967-09-19,2104
1967-09-20,2573
1967-09-21,2760
1967-09-22,2303
1967-09-23,2294
1967-09-24,1965
1967-09-25,2513
1967-09-26,3121
1967-09-27,3188
1967-09-28,3019
1967-09-29,2869
1967-09-30,2582
1967-10-01,1205
1967-10-02,1553
1967-10-03,1315
1967-10-04,1479
1967-10-05,1756
1967-10-06,1776
1967-10-07,1608
1967-10-08,1144
1967-10-09,1292
1967-10-10,1360
1967-10-11,1378
1967-10-12,1628
1967-10-13,1816
1967-10-14,1721
1967-10-15,1235
1967-10-16,1499
1967-10-17,1552
1967-10-18,1527
1967-10-19,1226
1967-10-20,1327
1967-10-21,1581
1967-10-22,1562
1967-10-23,1680
1967-10-24,1688
1967-10-25,1784
1967-10-26,1733
1967-10-27,1578
1967-10-28,1647
1967-10-29,1654
1967-10-30,1777
1967-10-31,1702
1967-11-01,19
1967-11-02,19
1967-11-03,18
1967-11-04,20
1967-11-05,24
1967-11-06,15
1967-11-07,22
1967-11-08,24
1967-11-09,20
1967-11-10,20
1967-11-11,23
1967-11-12,19
1967-11-13,14
1967-11-14,15
1967-11-15,25
1967-11-16,17
1967-11-17,15
1967-11-18,19
1967-11-19,23
1967-11-20,22
1967-11-21,18
1967-11-22,22
1967-11-23,16
1967-11-24,20
1967-11-25,14
1967-11-26,25
1967-11-27,20
1967-11-28,22
1967-11-29,19
1967-11-30,18
1967-12-01,1380
1967-12-02,1242
1967-12-03,1522
1967-12-04,1651
1967-12-05,1648
1967-12-06,1601
1967-12-07,1609
1967-12-08,1464
1967-12-09,1648
1967-12-10,1338
1967-12-11,1380
1967-12-12,1420
1967-12-13,1328
1967-12-14,1555
1967-12-15,1645
1967-12-16,1802
1967-12-17,1765
1967-12-18,1688
1967-12-19,1806
1967-12-20,1799
1967-12-21,1586
1967-12-22,1776
1967-12-23,1914
1967-12-24,1428
1967-12-25,1384
1967-12-26,2015
1967-12-27,1894
1967-12-28,1760
1967-12-29,1380
1967-12-30,1482
1967-12-31,1365
1968-01-01,970
1968-01-02,1914
1968-01-03,1650
1968-01-04,1994
1968-01-05,1825
1968-01-06,1785
1968-01-07,1507
1968-01-08,1581
1968-01-09,1684
1968-01-10,1668
1968-01-11,1814
1968-01-12,1847
1968-01-13,1634
1968-01-14,1715
1968-01-15,1802
1968-01-16,1870
1968-01-17,1823
1968-01-18,1943
1968-01-19,2007
1968-01-20,1789
1968-01-21,1814
1968-01-22,2088
1968-01-23,1768
1968-01-24,1810
1968-01-25,1914
1968-01-26,1951
1968-01-27,1693
1968-01-28,1767
1968-01-29,2054
1968-01-30,1874
1968-01-31,1847
1968-02-01,1946
1968-02-02,1772
1968-02-03,1729
1968-02-04,1743
1968-02-05,1762
1968-02-06,1685
1968-02-07,1726
1968-02-08,1676
1968-02-09,1749
1968-02-10,1643
1968-02-11,1701
1968-02-12,1680
1968-02-13,1700
1968-02-14,1755
1968-02-15,1689
1968-02-16,1666
1968-02-17,1736
1968-02-18,1786
1968-02-19,1805
1968-02-20,1641
1968-02-21,1596
1968-02-22,1707
1968-02-23,1691
1968-02-24,1499
1968-02-25,1505
1968-02-26,1586
1968-02-27,2009
1968-02-28,2345
1968-02-29,3369
1968-03-01,1601
1968-03-02,1604
1968-03-03,1703
1968-03-04,1689
1968-03-05,1674
1968-03-06,2004
1968-03-07,1926
1968-03-08,1855
1968-03-09,1760
1968-03-10,1741
1968-03-11,1978
1968-03-12,1778
1968-03-13,1738
1968-03-14,1999
1968-03-15,2114
1968-03-16,1954
1968-03-17,1983
1968-03-18,1721
1968-03-19,1943
1968-03-20,2060
1968-03-21,1981
1968-03-22,1884
1968-03-23,1776
1968-03-24,1793
1968-03-25,1659
1968-03-26,1638
1968-03-27,1785
1968-03-28,1818
1968-03-29,1644
1968-03-30,1642
1968-03-31,1402
1968-04-01,1376
1968-04-02,1691
1968-04-03,1596
1968-04-04,1606
1968-04-05,1782
1968-04-06,1630
1968-04-07,1843
1968-04-08,1985
1968-04-09,2166
1968-04-10,2052
1968-04-11,1582
1968-04-12,1696
1968-04-13,1736
1968-04-14,1737
1968-04-15,2004
1968-04-16,1914
1968-04-17,2155
1968-04-18,2383
1968-04-19,2037
1968-04-20,1972
1968-04-21,2084
1968-04-22,2192
1968-04-23,2041
1968-04-24,1729
1968-04-25,33
1968-04-26,31
1968-04-27,34
1968-04-28,36
1968-04-29,39
1968-04-30,30
1968-05-01,1559
1968-05-02,1718
1968-05-03,2192
1968-05-04,2184
1968-05-05,2189
1968-05-06,2113
1968-05-07,2274
1968-05-08,2439
1968-05-09,1943
1968-05-10,2242
1968-05-11,3943
1968-05-12,3506
1968-05-13,3722
1968-05-14,3317
1968-05-15,3618
1968-05-16,3555
1968-05-17,3344
1968-05-18,3599
1968-05-19,3709
1968-05-20,3419
1968-05-21,3642
1968-05-22,3789
1968-05-23,3683
1968-05-24,3451
1968-05-25,3766
1968-05-26,3736
1968-05-27,3598
1968-05-28,3120
1968-05-29,3380
1968-05-30,3199
1968-05-31,3110
1968-06-01,2912
1968-06-02,3224
1968-06-03,3583
1968-06-04,3193
1968-06-05,3633
1968-06-06,3681
1968-06-07,4065
1968-06-08,3467
1968-06-09,3572
1968-06-10,3624
1968-06-11,3841
1968-06-12,3619
1968-06-13,3582
1968-06-14,3308
1968-06-15,3669
1968-06-16,3870
1968-06-17,3292
1968-06-18,3601
1968-06-19,3810
1968-06-20,3677
1968-06-21,3034
1968-06-22,3526
1968-06-23,3822
1968-06-24,3711
1968-06-25,3603
1968-06-26,3387
1968-06-27,3466
1968-06-28,3228
1968-06-29,3257
1968-06-30,3250
1968-07-01,1775
1968-07-02,1805
1968-07-03,1897
1968-07-04,1838
1968-07-05,1788
1968-07-06,1911
1968-07-07,2055
1968-07-08,2084
1968-07-09,1922
1968-07-10,1857
1968-07-11,1842
1968-07-12,1828
1968-07-13,1893
1968-07-14,1660
1968-07-15,1645
1968-07-16,1711
1968-07-17,1438
1968-07-18,1891
1968-07-19,2317
1968-07-20,2141
1968-07-21,1845
1968-07-22,1910
1968-07-23,1799
1968-07-24,1657
1968-07-25,1759
1968-07-26,1743
1968-07-27,35
1968-07-28,36
1968-07-29,35
1968-07-30,34
1968-07-31,36
1968-08-01,1880
1968-08-02,1631
1968-08-03,1883
1968-08-04,1789
1968-08-05,1779
1968-08-06,1873
1968-08-07,2040
1968-08-08,2023
1968-08-09,2119
1968-08-10,2032
1968-08-11,1728
1968-08-12,1441
1968-08-13,1275
1968-08-14,2003
1968-08-15,1914
1968-08-16,1925
1968-08-17,1790
1968-08-18,1828
1968-08-19,1934
1968-08-20,2050
1968-08-21,2324
1968-08-22,1994
1968-08-23,2317
1968-08-24,2408
1968-08-25,2226
1968-08-26,2307
1968-08-27,1949
1968-08-28,2086
1968-08-29,1904
1968-08-30,2351
1968-08-31,2204
1968-09-01,2318
1968-09-02,3571
1968-09-03,3552
1968-09-04,2031
1968-09-05,1828
1968-09-06,2613
1968-09-07,3546
1968-09-08,3713
1968-09-09,3691
1968-09-10,3655
1968-09-11,3609
1968-09-12,3384
1968-09-13,3464
1968-09-14,3860
1968-09-15,3774
1968-09-16,4007
1968-09-17,3935
1968-09-18,3992
1968-09-19,3852
1968-09-20,3670
1968-09-21,3111
1968-09-22,3143
1968-09-23,3442
1968-09-24,3606
1968-09-25,3491
1968-09-26,3417
1968-09-27,3576
1968-09-28,3709
1968-09-29,3248
1968-09-30,3436
1968-10-01,2185
1968-10-02,2328
1968-10-03,2370
1968-10-04,2295
1968-10-05,2318
1968-10-06,2424
1968-10-07,2583
1968-10-08,2106
1968-10-09,1908
1968-10-10,2195
1968-10-11,2114
1968-10-12,1977
1968-10-13,2012
1968-10-14,1708
1968-10-15,1651
1968-10-16,1669
1968-10-17,1563
1968-10-18,1417
1968-10-19,976
1968-10-20,1172
1968-10-21,1656
1968-10-22,1689
1968-10-23,2372
1968-10-24,2131
1968-10-25,2056
1968-10-26,2163
1968-10-27,2146
1968-10-28,2122
1968-10-29,1902
1968-10-30,1936
1968-10-31,2045
1968-11-01,1543
1968-11-02,1543
1968-11-03,1591
1968-11-04,1669
1968-11-05,1684
1968-11-06,1529
1968-11-07,1679
1968-11-08,1649
1968-11-09,1204
1968-11-10,1428
1968-11-11,1582
1968-11-12,1476
1968-11-13,1432
1968-11-14,1632
1968-11-15,1526
1968-11-16,1558
1968-11-17,1531
1968-11-18,1499
1968-11-19,1512
1968-11-20,1666
1968-11-21,1555
1968-11-22,1216
1968-11-23,1357
1968-11-24,1353
1968-11-25,1547
1968-11-26,1663
1968-11-27,1424
1968-11-28,1363
1968-11-29,1609
1968-11-30,1580
1968-12-01,1734
1968-12-02,1781
1968-12-03,1638
1968-12-04,1703
1968-12-05,1478
1968-12-06,1621
1968-12-07,1738
1968-12-08,1465
1968-12-09,1547
1968-12-10,1843
1968-12-11,1679
1968-12-12,1288
1968-12-13,1657
1968-12-14,1860
1968-12-15,1631
1968-12-16,1666
1968-12-17,1645
1968-12-18,1953
1968-12-19,1908
1968-12-20,1923
1968-12-21,1789
1968-12-22,1250
1968-12-23,1709
1968-12-24,1580
1968-12-25,1262
1968-12-26,1869
1968-12-27,1668
1968-12-28,1680
1968-12-29,1812
1968-12-30,1666
1968-12-31,1629
1969-01-01,1736
1969-01-02,1490
1969-01-03,1439
1969-01-04,1311
1969-01-05,1566
1969-01-06,1316
1969-01-07,1295
1969-01-08,1704
1969-01-09,1901
1969-01-10,1680
1969-01-11,1842
1969-01-12,1815
1969-01-13,1502
1969-01-14,1754
1969-01-15,1479
1969-01-16,1548
1969-01-17,1556
1969-01-18,1601
1969-01-19,1717
1969-01-20,1580
1969-01-21,1456
1969-01-22,1748
1969-01-23,1724
1969-01-24,1736
1969-01-25,1738
1969-01-26,1615
1969-01-27,1709
1969-01-28,1688
1969-01-29,1641
1969-01-30,1689
1969-01-31,1535
1969-02-01,1526
1969-02-02,1626
1969-02-03,1777
1969-02-04,1679
1969-02-05,1459
1969-02-06,1698
1969-02-07,1602
1969-02-08,1585
1969-02-09,1860
1969-02-10,1743
1969-02-11,1933
1969-02-12,1865
1969-02-13,1753
1969-02-14,1828
1969-02-15,1567
1969-02-16,1611
1969-02-17,1306
1969-02-18,1766
1969-02-19,1580
1969-02-20,1715
1969-02-21,1804
1969-02-22,1867
1969-02-23,1826
1969-02-24,1752
1969-02-25,2003
1969-02-26,1883
1969-02-27,1905
1969-02-28,958
1969-03-01,1794
1969-03-02,1814
1969-03-03,476
1969-03-04,30
1969-03-05,30
1969-03-06,30
1969-03-07,31
1969-03-08,43
1969-03-09,23
1969-03-10,32
1969-03-11,30
1969-03-12,30
1969-03-13,30
1969-03-14,30
1969-03-15,30
1969-03-16,31
1969-03-17,45
1969-03-18,24
1969-03-19,31
1969-03-20,31
1969-03-21,30
1969-03-22,27
1969-03-23,28
1969-03-24,31
1969-03-25,27
1969-03-26,113
1969-03-27,1751
1969-03-28,1906
1969-03-29,1758
1969-03-30,1315
1969-03-31,1336
1969-04-01,1661
1969-04-02,1993
1969-04-03,1692
1969-04-04,1600
1969-04-05,1481
1969-04-06,1838
1969-04-07,1847
1969-04-08,1609
1969-04-09,1736
1969-04-10,1847
1969-04-11,1785
1969-04-12,1793
1969-04-13,1607
1969-04-14,1824
1969-04-15,1713
1969-04-16,1598
1969-04-17,1488
1969-04-18,1611
1969-04-19,1575
1969-04-20,1674
1969-04-21,1669
1969-04-22,1762
1969-04-23,1731
1969-04-24,297
1969-04-25,26
1969-04-26,32
1969-04-27,32
1969-04-28,33
1969-04-29,33
1969-04-30,32
1969-05-01,1844
1969-05-02,1776
1969-05-03,1758
1969-05-04,1552
1969-05-05,1753
1969-05-06,1655
1969-05-07,1920
1969-05-08,1823
1969-05-09,1972
1969-05-10,1987
1969-05-11,1910
1969-05-12,1818
1969-05-13,1827
1969-05-14,1734
1969-05-15,1638
1969-05-16,1833
1969-05-17,1588
1969-05-18,1505
1969-05-19,1717
1969-05-20,1554
1969-05-21,1498
1969-05-22,1563
1969-05-23,1396
1969-05-24,1259
1969-05-25,1195
1969-05-26,1138
1969-05-27,928
1969-05-28,926
1969-05-29,1215
1969-05-30,650
1969-05-31,1233
1969-06-01,1756
1969-06-02,1785
1969-06-03,3036
1969-06-04,2688
1969-06-05,2681
1969-06-06,2588
1969-06-07,2715
1969-06-08,2810
1969-06-09,2977
1969-06-10,2703
1969-06-11,2812
1969-06-12,2788
1969-06-13,2919
1969-06-14,3004
1969-06-15,3023
1969-06-16,2904
1969-06-17,2657
1969-06-18,2276
1969-06-19,2671
1969-06-20,2769
1969-06-21,2861
1969-06-22,3255
1969-06-23,3208
1969-06-24,3166
1969-06-25,2880
1969-06-26,2781
1969-06-27,2868
1969-06-28,2964
1969-06-29,2921
1969-06-30,2558
1969-07-01,1612
1969-07-02,1669
1969-07-03,1574
1969-07-04,1744
1969-07-05,1746
1969-07-06,1628
1969-07-07,1583
1969-07-08,1538
1969-07-09,1582
1969-07-10,1410
1969-07-11,1125
1969-07-12,1384
1969-07-13,1574
1969-07-14,1461
1969-07-15,1537
1969-07-16,1380
1969-07-17,1563
1969-07-18,1501
1969-07-19,1297
1969-07-20,1498
1969-07-21,1460
1969-07-22,1346
1969-07-23,1351
1969-07-24,1219
1969-07-25,1388
1969-07-26,1371
1969-07-27,1447
1969-07-28,1324
1969-07-29,1390
1969-07-30,1515
1969-07-31,1534
1969-08-01,1377
1969-08-02,1576
1969-08-03,1569
1969-08-04,1559
1969-08-05,1579
1969-08-06,1591
1969-08-07,1451
1969-08-08,1319
1969-08-09,1339
1969-08-10,1566
1969-08-11,1413
1969-08-12,1265
1969-08-13,1762
1969-08-14,1756
1969-08-15,1745
1969-08-16,1622
1969-08-17,1606
1969-08-18,1789
1969-08-19,1683
1969-08-20,1725
1969-08-21,1753
1969-08-22,1704
1969-08-23,1734
1969-08-24,1738
1969-08-25,1626
1969-08-26,1711
1969-08-27,1627
1969-08-28,1560
1969-08-29,1577
1969-08-30,1557
1969-08-31,1482
1969-09-01,1189
1969-09-02,984
1969-09-03,1181
1969-09-04,1413
1969-09-05,1528
1969-09-06,1558
1969-09-07,1331
1969-09-08,953
1969-09-09,969
1969-09-10,1102
1969-09-11,1541
1969-09-12,1238
1969-09-13,1313
1969-09-14,1380
1969-09-15,1379
1969-09-16,1395
1969-09-17,1368
1969-09-18,1102
1969-09-19,949
1969-09-20,1176
1969-09-21,1514
1969-09-22,1482
1969-09-23,1590
1969-09-24,1415
1969-09-25,1522
1969-09-26,1537
1969-09-27,1505
1969-09-28,1438
1969-09-29,1341
1969-09-30,1257
1969-10-01,1200
1969-10-02,1100
1969-10-03,1249
1969-10-04,1088
1969-10-05,1293
1969-10-06,1217
1969-10-07,1143
1969-10-08,1186
1969-10-09,1240
1969-10-10,1282
1969-10-11,1265
1969-10-12,1289
1969-10-13,1341
1969-10-14,1275
1969-10-15,1352
1969-10-16,1267
1969-10-17,1228
1969-10-18,1251
1969-10-19,1305
1969-10-20,1460
1969-10-21,1482
1969-10-22,1343
1969-10-23,1421
1969-10-24,1311
1969-10-25,1395
1969-10-26,1145
1969-10-27,1098
1969-10-28,1167
1969-10-29,1116
1969-10-30,1267
1969-10-31,1263
1969-11-01,1416
1969-11-02,1260
1969-11-03,1343
1969-11-04,1247
1969-11-05,1104
1969-11-06,1486
1969-11-07,1330
1969-11-08,1443
1969-11-09,1510
1969-11-10,1524
1969-11-11,1565
1969-11-12,1716
1969-11-13,1648
1969-11-14,1672
1969-11-15,1609
1969-11-16,1596
1969-11-17,1371
1969-11-18,1282
1969-11-19,1358
1969-11-20,1466
1969-11-21,1511
1969-11-22,1563
1969-11-23,1317
1969-11-24,999
1969-11-25,1237
1969-11-26,1314
1969-11-27,1195
1969-11-28,1214
1969-11-29,769
1969-11-30,1260
1969-12-01,1629
1969-12-02,1280
1969-12-03,1444
1969-12-04,1540
1969-12-05,1495
1969-12-06,1473
1969-12-07,1543
1969-12-08,1240
1969-12-09,1202
1969-12-10,1310
1969-12-11,1535
1969-12-12,1410
1969-12-13,1259
1969-12-14,1307
1969-12-15,1229
1969-12-16,1168
1969-12-17,1201
1969-12-18,1187
1969-12-19,1103
1969-12-20,1293
1969-12-21,1417
1969-12-22,1636
1969-12-23,1538
1969-12-24,1214
1969-12-25,1195
1969-12-26,1714
1969-12-27,1345
1969-12-28,1386
1969-12-29,1562
1969-12-30,1444
1969-12-31,1591
1970-01-01,2242
1970-01-02,2852
1970-01-03,2599
1970-01-04,2080
1970-01-05,2187
1970-01-06,2479
1970-01-07,2606
1970-01-08,2802
1970-01-09,2764
1970-01-10,2521
1970-01-11,2514
1970-01-12,2783
1970-01-13,2728
1970-01-14,2453
1970-01-15,2126
1970-01-16,2290
1970-01-17,2244
1970-01-18,2315
1970-01-19,2180
1970-01-20,2290
1970-01-21,2622
1970-01-22,2725
1970-01-23,2589
1970-01-24,2725
1970-01-25,2753
1970-01-26,2738
1970-01-27,2587
1970-01-28,2581
1970-01-29,2612
1970-01-30,2304
1970-01-31,2619
1970-02-01,2710
1970-02-02,2864
1970-02-03,2913
1970-02-04,2812
1970-02-05,2539
1970-02-06,1978
1970-02-07,2474
1970-02-08,2736
1970-02-09,2536
1970-02-10,2266
1970-02-11,2532
1970-02-12,2615
1970-02-13,2602
1970-02-14,2834
1970-02-15,2824
1970-02-16,2574
1970-02-17,2623
1970-02-18,2727
1970-02-19,2788
1970-02-20,2765
1970-02-21,3015
1970-02-22,2928
1970-02-23,2769
1970-02-24,2757
1970-02-25,2797
1970-02-26,2825
1970-02-27,2701
1970-02-28,2594
1970-03-01,2768
1970-03-02,3065
1970-03-03,3020
1970-03-04,2730
1970-03-05,2849
1970-03-06,3595
1970-03-07,3723
1970-03-08,2916
1970-03-09,3123
1970-03-10,3075
1970-03-11,2973
1970-03-12,2891
1970-03-13,2949
1970-03-14,2830
1970-03-15,2881
1970-03-16,2810
1970-03-17,2864
1970-03-18,3059
1970-03-19,2951
1970-03-20,2742
1970-03-21,2628
1970-03-22,2408
1970-03-23,2969
1970-03-24,3491
1970-03-25,3219
1970-03-26,3180
1970-03-27,3069
1970-03-28,2803
1970-03-29,2243
1970-03-30,3351
1970-03-31,3267
1970-04-01,2742
1970-04-02,2420
1970-04-03,2332
1970-04-04,2476
1970-04-05,2569
1970-04-06,2552
1970-04-07,2643
1970-04-08,2573
1970-04-09,2701
1970-04-10,2771
1970-04-11,2372
1970-04-12,2320
1970-04-13,2408
1970-04-14,2781
1970-04-15,2727
1970-04-16,2672
1970-04-17,2558
1970-04-18,2505
1970-04-19,2254
1970-04-20,2289
1970-04-21,2382
1970-04-22,2356
1970-04-23,2257
1970-04-24,2321
1970-04-25,2347
1970-04-26,2140
1970-04-27,2147
1970-04-28,2444
1970-04-29,2696
1970-04-30,2452
1970-05-01,2205
1970-05-02,2094
1970-05-03,2240
1970-05-04,2538
1970-05-05,2834
1970-05-06,2721
1970-05-07,2741
1970-05-08,2629
1970-05-09,2856
1970-05-10,2633
1970-05-11,2581
1970-05-12,2539
1970-05-13,2505
1970-05-14,2283
1970-05-15,1644
1970-05-16,1913
1970-05-17,2044
1970-05-18,2243
1970-05-19,2381
1970-05-20,1844
1970-05-21,2211
1970-05-22,2467
1970-05-23,2875
1970-05-24,2936
1970-05-25,2821
1970-05-26,2622
1970-05-27,2568
1970-05-28,2496
1970-05-29,2653
1970-05-30,2696
1970-05-31,2353
1970-06-01,2334
1970-06-02,2291
1970-06-03,2450
1970-06-04,2334
1970-06-05,2501
1970-06-06,2352
1970-06-07,2057
1970-06-08,1926
1970-06-09,1675
1970-06-10,2090
1970-06-11,2055
1970-06-12,1754
1970-06-13,1663
1970-06-14,1599
1970-06-15,1858
1970-06-16,2067
1970-06-17,1891
1970-06-18,1981
1970-06-19,1851
1970-06-20,2102
1970-06-21,1741
1970-06-22,1895
1970-06-23,1895
1970-06-24,2254
1970-06-25,2253
1970-06-26,2021
1970-06-27,1941
1970-06-28,1773
1970-06-29,2148
1970-06-30,1891
1970-07-01,1961
1970-07-02,2144
1970-07-03,2014
1970-07-04,1955
1970-07-05,1729
1970-07-06,1718
1970-07-07,1736
1970-07-08,1458
1970-07-09,1744
1970-07-10,1729
1970-07-11,1927
1970-07-12,1926
1970-07-13,1877
1970-07-14,1694
1970-07-15,1540
1970-07-16,1588
1970-07-17,1457
1970-07-18,1564
1970-07-19,1963
1970-07-20,2011
1970-07-21,2278
1970-07-22,2165
1970-07-23,2143
1970-07-24,2064
1970-07-25,1988
1970-07-26,2092
1970-07-27,2154
1970-07-28,2225
1970-07-29,1921
1970-07-30,1898
1970-07-31,2041
1970-08-01,1888
1970-08-02,1767
1970-08-03,1842
1970-08-04,1688
1970-08-05,1922
1970-08-06,2036
1970-08-07,1840
1970-08-08,2063
1970-08-09,1963
1970-08-10,1785
1970-08-11,2098
1970-08-12,2104
1970-08-13,1988
1970-08-14,1780
1970-08-15,1669
1970-08-16,1548
1970-08-17,1332
1970-08-18,1203
1970-08-19,1139
1970-08-20,1334
1970-08-21,1702
1970-08-22,1596
1970-08-23,1543
1970-08-24,1452
1970-08-25,1677
1970-08-26,1426
1970-08-27,1623
1970-08-28,1777
1970-08-29,1941
1970-08-30,2030
1970-08-31,1977
1970-09-01,1686
1970-09-02,1617
1970-09-03,1927
1970-09-04,1893
1970-09-05,1537
1970-09-06,1655
1970-09-07,1594
1970-09-08,1980
1970-09-09,1683
1970-09-10,1638
1970-09-11,1771
1970-09-12,1725
1970-09-13,1895
1970-09-14,1787
1970-09-15,1821
1970-09-16,1825
1970-09-17,1702
1970-09-18,1612
1970-09-19,1712
1970-09-20,1637
1970-09-21,1786
1970-09-22,1780
1970-09-23,1505
1970-09-24,1604
1970-09-25,1591
1970-09-26,1286
1970-09-27,1158
1970-09-28,1309
1970-09-29,1229
1970-09-30,956
1970-10-01,1063
1970-10-02,1233
1970-10-03,1131
1970-10-04,1534
1970-10-05,1789
1970-10-06,1697
1970-10-07,1533
1970-10-08,1570
1970-10-09,1351
1970-10-10,1393
1970-10-11,1476
1970-10-12,1364
1970-10-13,1400
1970-10-14,1638
1970-10-15,1364
1970-10-16,1276
1970-10-17,1489
1970-10-18,1508
1970-10-19,1568
1970-10-20,1596
1970-10-21,1398
1970-10-22,1495
1970-10-23,1455
1970-10-24,1721
1970-10-25,1309
1970-10-26,1401
1970-10-27,1086
1970-10-28,1138
1970-10-29,950
1970-10-30,1041
1970-10-31,1172
1970-11-01,1311
1970-11-02,1528
1970-11-03,1957
1970-11-04,1844
1970-11-05,1889
1970-11-06,1825
1970-11-07,1550
1970-11-08,1371
1970-11-09,1555
1970-11-10,1434
1970-11-11,1455
1970-11-12,1589
1970-11-13,1660
1970-11-14,1901
1970-11-15,1510
1970-11-16,1417
1970-11-17,1323
1970-11-18,1363
1970-11-19,1521
1970-11-20,1641
1970-11-21,1239
1970-11-22,1268
1970-11-23,1624
1970-11-24,1677
1970-11-25,1939
1970-11-26,1810
1970-11-27,1639
1970-11-28,1710
1970-11-29,1330
1970-11-30,1473
1970-12-01,1539
1970-12-02,1649
1970-12-03,1642
1970-12-04,1727
1970-12-05,1683
1970-12-06,1884
1970-12-07,1803
1970-12-08,1663
1970-12-09,1641
1970-12-10,1608
1970-12-11,2063
1970-12-12,1988
1970-12-13,1661
1970-12-14,1716
1970-12-15,1895
1970-12-16,2063
1970-12-17,1871
1970-12-18,1909
1970-12-19,1916
1970-12-20,1814
1970-12-21,1620
1970-12-22,1624
1970-12-23,1789
1970-12-24,1913
1970-12-25,1332
1970-12-26,1573
1970-12-27,1510
1970-12-28,1788
1970-12-29,1624
1970-12-30,1808
1970-12-31,1756
19700101,38
19700102,44
19700103,38
19700104,25
19700105,43
19700106,31
19700107,43
19700108,51
19700109,59
19700110,58
19700111,37
19700112,55
19700113,52
19700114,55
19700115,43
19700116,45
19700117,29
19700118,48
19700119,46
19700120,37
19700121,47
19700122,35
19700123,69
19700124,49
19700125,47
19700126,43
19700127,53
19700128,39
19700129,57
19700130,39
19700131,62
19700201,57
19700202,50
19700203,75
19700204,52
19700205,37
19700206,28
19700207,47
19700208,54
19700209,52
19700210,31
19700211,48
19700212,46
19700213,52
19700214,60
19700215,35
19700216,31
19700217,41
19700218,53
19700219,57
19700220,48
19700221,63
19700222,74
19700223,57
19700224,62
19700225,62
19700226,73
19700227,55
19700228,67
19700229,1
19700301,56
19700302,80
19700303,60
19700304,56
19700305,46
19700306,61
19700307,82
19700308,71
19700309,75
19700310,56
19700311,72
19700312,60
19700313,81
19700314,78
19700315,80
19700316,65
19700317,68
19700318,48
19700319,58
19700320,76
19700321,55
19700322,46
19700323,67
19700324,82
19700325,55
19700326,65
19700327,83
19700328,73
19700329,6
19700330,83
19700331,66
19700401,62
19700402,56
19700403,72
19700404,62
19700405,49
19700406,50
19700407,53
19700408,50
19700409,75
19700410,52
19700411,59
19700412,46
19700413,59
19700414,48
19700415,48
19700416,51
19700417,51
19700418,49
19700419,46
19700420,44
19700421,52
19700422,52
19700423,46
19700424,59
19700425,56
19700426,54
19700427,48
19700428,34
19700429,48
19700430,28
19700501,45
19700502,47
19700503,49
19700504,63
19700505,62
19700506,54
19700507,61
19700508,49
19700509,61
19700510,61
19700511,45
19700512,50
19700513,37
19700514,38
19700515,12
19700516,44
19700517,18
19700518,42
19700519,42
19700520,40
19700521,59
19700522,59
19700523,71
19700524,42
19700525,53
19700526,42
19700527,62
19700528,54
19700529,47
19700530,65
19700531,44
19700601,57
19700602,52
19700603,65
19700604,54
19700605,71
19700606,53
19700607,47
19700608,43
19700609,20
19700610,58
19700611,43
19700612,22
19700613,27
19700614,40
19700615,42
19700616,52
19700617,40
19700618,49
19700619,46
19700620,46
19700621,45
19700622,59
19700623,52
19700624,62
19700625,73
19700626,62
19700627,61
19700628,55
19700629,66
19700630,42
19700701,33
19700702,39
19700703,36
19700704,27
19700705,26
19700706,33
19700707,45
19700708,20
19700709,35
19700710,39
19700711,40
19700712,43
19700713,50
19700714,24
19700715,18
19700716,26
19700717,21
19700718,35
19700719,52
19700720,48
19700721,46
19700722,50
19700723,50
19700724,48
19700725,56
19700726,42
19700727,36
19700728,62
19700729,35
19700730,21
19700731,28
19700801,38
19700802,33
19700803,38
19700804,44
19700805,44
19700806,47
19700807,52
19700808,62
19700809,65
19700810,58
19700811,48
19700812,46
19700813,41
19700814,31
19700815,28
19700816,28
19700817,16
19700818,24
19700819,34
19700820,36
19700821,58
19700822,32
19700823,38
19700824,32
19700825,41
19700826,28
19700827,37
19700828,41
19700829,43
19700830,53
19700831,48
19700901,39
19700902,26
19700903,44
19700904,34
19700905,34
19700906,25
19700907,29
19700908,45
19700909,38
19700910,18
19700911,40
19700912,34
19700913,41
19700914,34
19700915,39
19700916,32
19700917,29
19700918,19
19700919,31
19700920,20
19700921,39
19700922,27
19700923,27
19700924,29
19700925,21
19700926,18
19700927,21
19700928,20
19700929,17
19700930,8
19701001,13
19701002,19
19701003,19
19701004,19
19701005,31
19701006,24
19701007,24
19701008,19
19701009,25
19701010,13
19701011,18
19701012,10
19701013,13
19701014,16
19701015,21
19701016,17
19701017,16
19701018,16
19701019,22
19701020,22
19701021,18
19701022,12
19701023,17
19701024,23
19701025,21
19701026,16
19701027,18
19701028,13
19701029,3
19701030,16
19701031,9
19701101,12
19701102,10
19701103,15
19701104,27
19701105,24
19701106,27
19701107,16
19701108,24
19701109,23
19701110,31
19701111,23
19701112,31
19701113,29
19701114,30
19701115,27
19701116,25
19701117,24
19701118,24
19701119,20
19701120,38
19701121,18
19701122,14
19701123,26
19701124,31
19701125,31
19701126,31
19701127,31
19701128,19
19701129,36
19701130,24
19701201,10
19701202,38
19701203,35
19701204,36
19701205,39
19701206,53
19701207,35
19701208,46
19701209,37
19701210,47
19701211,47
19701212,65
19701213,55
19701214,52
19701215,56
19701216,46
19701217,40
19701218,42
19701219,37
19701220,23
19701221,20
19701222,26
19701223,44
19701224,48
19701225,43
19701226,31
19701227,42
19701228,26
19701229,48
19701230,33
19701231,44
1971-01-01,1150
1971-01-02,1225
1971-01-03,1292
1971-01-04,1261
1971-01-05,1407
1971-01-06,1427
1971-01-07,1315
1971-01-08,1439
1971-01-09,1350
1971-01-10,1412
1971-01-11,1505
1971-01-12,1481
1971-01-13,1533
1971-01-14,1534
1971-01-15,1549
1971-01-16,1558
1971-01-17,1424
1971-01-18,1514
1971-01-19,1459
1971-01-20,1494
1971-01-21,1534
1971-01-22,1557
1971-01-23,1502
1971-01-24,1611
1971-01-25,1394
1971-01-26,1370
1971-01-27,1284
1971-01-28,1454
1971-01-29,1456
1971-01-30,1436
1971-01-31,1505
1971-02-01,1689
1971-02-02,1607
1971-02-03,1641
1971-02-04,1545
1971-02-05,1624
1971-02-06,1536
1971-02-07,1568
1971-02-08,1608
1971-02-09,1656
1971-02-10,1540
1971-02-11,1677
1971-02-12,1824
1971-02-13,1678
1971-02-14,1622
1971-02-15,1569
1971-02-16,1588
1971-02-17,1664
1971-02-18,1708
1971-02-19,1682
1971-02-20,1707
1971-02-21,1629
1971-02-22,1836
1971-02-23,1697
1971-02-24,1682
1971-02-25,1344
1971-02-26,1635
1971-02-27,1699
1971-02-28,1597
1971-03-01,1657
1971-03-02,1711
1971-03-03,1679
1971-03-04,1781
1971-03-05,1702
1971-03-06,1805
1971-03-07,1760
1971-03-08,1794
1971-03-09,1869
1971-03-10,1862
1971-03-11,1872
1971-03-12,1860
1971-03-13,1814
1971-03-14,1617
1971-03-15,1868
1971-03-16,1988
1971-03-17,1923
1971-03-18,1725
1971-03-19,1794
1971-03-20,1911
1971-03-21,1663
1971-03-22,1639
1971-03-23,1740
1971-03-24,1758
1971-03-25,1774
1971-03-26,1641
1971-03-27,1837
1971-03-28,1631
1971-03-29,1878
1971-03-30,1738
1971-03-31,1812
1971-04-01,1732
1971-04-02,1790
1971-04-03,1762
1971-04-04,1709
1971-04-05,1606
1971-04-06,1828
1971-04-07,1752
1971-04-08,1803
1971-04-09,1673
1971-04-10,1769
1971-04-11,1759
1971-04-12,1686
1971-04-13,1828
1971-04-14,1757
1971-04-15,1766
1971-04-16,1724
1971-04-17,1630
1971-04-18,1856
1971-04-19,1798
1971-04-20,1736
1971-04-21,1818
1971-04-22,1679
1971-04-23,1747
1971-04-24,1664
1971-04-25,1572
1971-04-26,1597
1971-04-27,1630
1971-04-28,1762
1971-04-29,1617
1971-04-30,1622
1971-05-01,1418
1971-05-02,1342
1971-05-03,1556
1971-05-04,1599
1971-05-05,1535
1971-05-06,1396
1971-05-07,1546
1971-05-08,1498
1971-05-09,1495
1971-05-10,1502
1971-05-11,1525
1971-05-12,1647
1971-05-13,1589
1971-05-14,1678
1971-05-15,1574
1971-05-16,1592
1971-05-17,1512
1971-05-18,1472
1971-05-19,1226
1971-05-20,1407
1971-05-21,1368
1971-05-22,1441
1971-05-23,1414
1971-05-24,1406
1971-05-25,1377
1971-05-26,1239
1971-05-27,1477
1971-05-28,1402
1971-05-29,1429
1971-05-30,1509
1971-05-31,1554
1971-06-01,1354
1971-06-02,1308
1971-06-03,1311
1971-06-04,1493
1971-06-05,1422
1971-06-06,1342
1971-06-07,1216
1971-06-08,1297
1971-06-09,1353
1971-06-10,1305
1971-06-11,1235
1971-06-12,1410
1971-06-13,1236
1971-06-14,1181
1971-06-15,1101
1971-06-16,1086
1971-06-17,1156
1971-06-18,1234
1971-06-19,1255
1971-06-20,1206
1971-06-21,1285
1971-06-22,1276
1971-06-23,1219
1971-06-24,1232
1971-06-25,1156
1971-06-26,1219
1971-06-27,1021
1971-06-28,1105
1971-06-29,1134
1971-06-30,1287
1971-07-01,1281
1971-07-02,1193
1971-07-03,1284
1971-07-04,1125
1971-07-05,1106
1971-07-06,880
1971-07-07,997
1971-07-08,1078
1971-07-09,1145
1971-07-10,1081
1971-07-11,1086
1971-07-12,763
1971-07-13,878
1971-07-14,960
1971-07-15,1062
1971-07-16,994
1971-07-17,830
1971-07-18,867
1971-07-19,1024
1971-07-20,1048
1971-07-21,1023
1971-07-22,937
1971-07-23,930
1971-07-24,1042
1971-07-25,981
1971-07-26,998
1971-07-27,1012
1971-07-28,1092
1971-07-29,1195
1971-07-30,1126
1971-07-31,1170
1971-08-01,1127
1971-08-02,1146
1971-08-03,1112
1971-08-04,1093
1971-08-05,995
1971-08-06,1053
1971-08-07,949
1971-08-08,916
1971-08-09,985
1971-08-10,963
1971-08-11,992
1971-08-12,980
1971-08-13,978
1971-08-14,1023
1971-08-15,1076
1971-08-16,1173
1971-08-17,1087
1971-08-18,1024
1971-08-19,953
1971-08-20,949
1971-08-21,1037
1971-08-22,963
1971-08-23,974
1971-08-24,1091
1971-08-25,1033
1971-08-26,988
1971-08-27,1040
1971-08-28,1022
1971-08-29,980
1971-08-30,1040
1971-08-31,931
1971-09-01,926
1971-09-02,994
1971-09-03,1042
1971-09-04,1114
1971-09-05,974
1971-09-06,1025
1971-09-07,1099
1971-09-08,1084
1971-09-09,1146
1971-09-10,1075
1971-09-11,1066
1971-09-12,1010
1971-09-13,1080
1971-09-14,1060
1971-09-15,1059
1971-09-16,1022
1971-09-17,1110
1971-09-18,1013
1971-09-19,893
1971-09-20,979
1971-09-21,1021
1971-09-22,1095
1971-09-23,1059
1971-09-24,1080
1971-09-25,1067
1971-09-26,1064
1971-09-27,1139
1971-09-28,1069
1971-09-29,1067
1971-09-30,1047
1971-10-01,1075
1971-10-02,1099
1971-10-03,1120
1971-10-04,1167
1971-10-05,1088
1971-10-06,922
1971-10-07,963
1971-10-08,991
1971-10-09,869
1971-10-10,823
1971-10-11,986
1971-10-12,1130
1971-10-13,1069
1971-10-14,1188
1971-10-15,1238
1971-10-16,1236
1971-10-17,1120
1971-10-18,1184
1971-10-19,1189
1971-10-20,1190
1971-10-21,1125
1971-10-22,987
1971-10-23,832
1971-10-24,691
1971-10-25,1015
1971-10-26,919
1971-10-27,852
1971-10-28,944
1971-10-29,1019
1971-10-30,1094
1971-10-31,1216
1971-11-01,1188
1971-11-02,1227
1971-11-03,1244
1971-11-04,1286
1971-11-05,1222
1971-11-06,1203
1971-11-07,1188
1971-11-08,1219
1971-11-09,1164
1971-11-10,1231
1971-11-11,1287
1971-11-12,1272
1971-11-13,1216
1971-11-14,968
1971-11-15,1271
1971-11-16,1273
1971-11-17,1343
1971-11-18,1289
1971-11-19,1164
1971-11-20,1279
1971-11-21,1340
1971-11-22,1249
1971-11-23,1201
1971-11-24,1119
1971-11-25,1050
1971-11-26,1210
1971-11-27,1307
1971-11-28,1189
1971-11-29,1023
1971-11-30,1100
1971-12-01,1245
1971-12-02,1282
1971-12-03,1140
1971-12-04,1473
1971-12-05,1472
1971-12-06,1526
1971-12-07,1441
1971-12-08,1455
1971-12-09,1493
1971-12-10,1368
1971-12-11,1257
1971-12-12,1268
1971-12-13,1367
1971-12-14,1346
1971-12-15,1448
1971-12-16,1443
1971-12-17,1403
1971-12-18,1201
1971-12-19,1247
1971-12-20,1041
1971-12-21,1181
1971-12-22,1312
1971-12-23,1355
1971-12-24,1418
1971-12-25,1047
1971-12-26,1231
1971-12-27,1338
1971-12-28,1340
1971-12-29,1320
1971-12-30,1259
1971-12-31,1251
19710212,1
19710312,1
1972-01-01,1081
1972-01-02,1190
1972-01-03,1101
1972-01-04,1171
1972-01-05,1230
1972-01-06,1194
1972-01-07,1238
1972-01-08,1291
1972-01-09,1300
1972-01-10,1420
1972-01-11,1356
1972-01-12,1378
1972-01-13,1264
1972-01-14,1218
1972-01-15,1479
1972-01-16,1507
1972-01-17,1403
1972-01-18,1510
1972-01-19,1507
1972-01-20,1415
1972-01-21,1487
1972-01-22,1590
1972-01-23,1590
1972-01-24,1515
1972-01-25,1460
1972-01-26,1397
1972-01-27,1453
1972-01-28,1450
1972-01-29,1513
1972-01-30,1611
1972-01-31,1529
1972-02-01,1549
1972-02-02,1412
1972-02-03,1429
1972-02-04,1395
1972-02-05,1383
1972-02-06,1288
1972-02-07,1150
1972-02-08,1108
1972-02-09,1023
1972-02-10,1170
1972-02-11,1529
1972-02-12,1576
1972-02-13,1515
1972-02-14,1521
1972-02-15,1580
1972-02-16,1477
1972-02-17,1578
1972-02-18,1525
1972-02-19,1554
1972-02-20,1514
1972-02-21,1562
1972-02-22,1482
1972-02-23,1365
1972-02-24,1386
1972-02-25,1395
1972-02-26,1494
1972-02-27,1511
1972-02-28,1356
1972-02-29,1290
1972-03-01,1445
1972-03-02,1528
1972-03-03,1572
1972-03-04,1539
1972-03-05,1563
1972-03-06,1537
1972-03-07,1499
1972-03-08,1494
1972-03-09,1415
1972-03-10,1440
1972-03-11,1469
1972-03-12,1351
1972-03-13,1590
1972-03-14,1664
1972-03-15,1480
1972-03-16,1596
1972-03-17,1591
1972-03-18,1467
1972-03-19,1480
1972-03-20,1399
1972-03-21,1439
1972-03-22,1462
1972-03-23,1372
1972-03-24,1424
1972-03-25,1298
1972-03-26,1301
1972-03-27,1397
1972-03-28,1437
1972-03-29,1435
1972-03-30,1404
1972-03-31,1300
1972-04-01,1367
1972-04-02,1320
1972-04-03,1413
1972-04-04,1484
1972-04-05,1432
1972-04-06,1556
1972-04-07,1734
1972-04-08,1372
1972-04-09,1361
1972-04-10,1431
1972-04-11,1460
1972-04-12,1559
1972-04-13,1558
1972-04-14,1689
1972-04-15,1568
1972-04-16,1705
1972-04-17,1729
1972-04-18,1716
1972-04-19,1895
1972-04-20,1771
1972-04-21,1650
1972-04-22,1659
1972-04-23,1677
1972-04-24,1527
1972-04-25,1694
1972-04-26,1860
1972-04-27,1848
1972-04-28,1779
1972-04-29,1703
1972-04-30,1987
1972-05-01,2100
1972-05-02,2053
1972-05-03,1940
1972-05-04,1861
1972-05-05,1779
1972-05-06,1887
1972-05-07,2049
1972-05-08,2017
1972-05-09,1975
1972-05-10,1908
1972-05-11,1677
1972-05-12,1724
1972-05-13,1842
1972-05-14,1786
1972-05-15,1822
1972-05-16,2035
1972-05-17,1985
1972-05-18,2047
1972-05-19,2112
1972-05-20,1977
1972-05-21,1990
1972-05-22,2139
1972-05-23,2061
1972-05-24,2220
1972-05-25,2027
1972-05-26,1945
1972-05-27,2165
1972-05-28,1969
1972-05-29,2136
1972-05-30,1864
1972-05-31,1595
1972-06-01,1851
1972-06-02,1700
1972-06-03,1594
1972-06-04,1556
1972-06-05,1945
1972-06-06,1905
1972-06-07,2008
1972-06-08,1990
1972-06-09,2022
1972-06-10,1983
1972-06-11,2192
1972-06-12,2179
1972-06-13,1954
1972-06-14,2161
1972-06-15,2128
1972-06-16,2105
1972-06-17,1970
1972-06-18,2019
1972-06-19,1995
1972-06-20,2048
1972-06-21,2072
1972-06-22,2038
1972-06-23,2162
1972-06-24,1946
1972-06-25,1881
1972-06-26,1898
1972-06-27,1775
1972-06-28,1984
1972-06-29,1886
1972-06-30,1760
1972-07-01,1665
1972-07-02,1784
1972-07-03,1930
1972-07-04,1825
1972-07-05,1859
1972-07-06,1781
1972-07-07,1783
1972-07-08,1827
1972-07-09,1851
1972-07-10,1751
1972-07-11,1793
1972-07-12,1747
1972-07-13,1812
1972-07-14,1764
1972-07-15,1682
1972-07-16,1599
1972-07-17,1918
1972-07-18,1952
1972-07-19,1789
1972-07-20,1992
1972-07-21,2022
1972-07-22,2015
1972-07-23,1878
1972-07-24,1946
1972-07-25,1940
1972-07-26,1724
1972-07-27,1688
1972-07-28,1524
1972-07-29,1704
1972-07-30,1752
1972-07-31,1721
1972-08-01,1868
1972-08-02,1873
1972-08-03,1949
1972-08-04,1849
1972-08-05,1609
1972-08-06,1516
1972-08-07,1785
1972-08-08,1811
1972-08-09,1740
1972-08-10,1841
1972-08-11,1800
1972-08-12,1721
1972-08-13,1792
1972-08-14,1824
1972-08-15,1931
1972-08-16,2006
1972-08-17,2107
1972-08-18,1991
1972-08-19,1942
1972-08-20,2085
1972-08-21,1936
1972-08-22,2070
1972-08-23,1944
1972-08-24,1879
1972-08-25,1703
1972-08-26,1892
1972-08-27,1821
1972-08-28,1717
1972-08-29,1968
1972-08-30,1994
1972-08-31,1874
1972-09-01,1896
1972-09-02,1402
1972-09-03,1302
1972-09-04,1386
1972-09-05,1521
1972-09-06,1490
1972-09-07,1814
1972-09-08,1720
1972-09-09,1632
1972-09-10,1618
1972-09-11,1634
1972-09-12,1596
1972-09-13,1794
1972-09-14,1708
1972-09-15,1409
1972-09-16,1457
1972-09-17,1500
1972-09-18,1689
1972-09-19,1545
1972-09-20,1865
1972-09-21,1890
1972-09-22,1915
1972-09-23,1784
1972-09-24,1528
1972-09-25,1510
1972-09-26,1607
1972-09-27,1814
1972-09-28,1607
1972-09-29,1736
1972-09-30,1577
1972-10-01,1436
1972-10-02,1192
1972-10-03,1275
1972-10-04,1274
1972-10-05,1528
1972-10-06,1544
1972-10-07,1611
1972-10-08,1542
1972-10-09,1616
1972-10-10,1531
1972-10-11,1360
1972-10-12,1459
1972-10-13,1660
1972-10-14,1794
1972-10-15,1745
1972-10-16,1742
1972-10-17,1684
1972-10-18,1763
1972-10-19,1717
1972-10-20,1686
1972-10-21,1761
1972-10-22,1448
1972-10-23,1535
1972-10-24,1658
1972-10-25,1666
1972-10-26,1523
1972-10-27,1646
1972-10-28,1683
1972-10-29,1757
1972-10-30,1878
1972-10-31,1779
1972-11-01,1837
1972-11-02,1917
1972-11-03,1851
1972-11-04,1733
1972-11-05,1698
1972-11-06,1660
1972-11-07,1298
1972-11-08,1551
1972-11-09,1653
1972-11-10,1719
1972-11-11,1678
1972-11-12,1711
1972-11-13,1965
1972-11-14,2063
1972-11-15,1979
1972-11-16,1666
1972-11-17,1403
1972-11-18,1413
1972-11-19,1525
1972-11-20,1519
1972-11-21,1426
1972-11-22,1590
1972-11-23,1569
1972-11-24,1533
1972-11-25,1540
1972-11-26,1601
1972-11-27,1594
1972-11-28,1477
1972-11-29,1378
1972-11-30,1522
1972-12-01,1397
1972-12-02,1350
1972-12-03,1419
1972-12-04,1691
1972-12-05,1633
1972-12-06,1600
1972-12-07,1520
1972-12-08,1437
1972-12-09,1564
1972-12-10,1407
1972-12-11,1638
1972-12-12,1573
1972-12-13,1355
1972-12-14,1432
1972-12-15,1488
1972-12-16,1377
1972-12-17,1547
1972-12-18,1526
1972-12-19,1577
1972-12-20,1369
1972-12-21,1442
1972-12-22,1354
1972-12-23,1362
1972-12-24,1200
1972-12-25,642
1972-12-26,1391
1972-12-27,1538
1972-12-28,1512
1972-12-29,1447
1972-12-30,1443
1972-12-31,1396
19720128,1
1973-01-01,799
1973-01-02,1592
1973-01-03,1576
1973-01-04,1679
1973-01-05,1693
1973-01-06,1659
1973-01-07,1635
1973-01-08,1574
1973-01-09,1780
1973-01-10,1808
1973-01-11,1673
1973-01-12,1670
1973-01-13,1634
1973-01-14,1639
1973-01-15,1671
1973-01-16,1701
1973-01-17,1747
1973-01-18,1704
1973-01-19,1711
1973-01-20,1650
1973-01-21,1662
1973-01-22,1805
1973-01-23,1867
1973-01-24,1869
1973-01-25,1846
1973-01-26,1962
1973-01-27,2035
1973-01-28,849
1973-01-29,872
1973-01-30,852
1973-01-31,857
1973-02-01,971
1973-02-02,1007
1973-02-03,952
1973-02-04,1032
1973-02-05,934
1973-02-06,1010
1973-02-07,964
1973-02-08,991
1973-02-09,1024
1973-02-10,1123
1973-02-11,1096
1973-02-12,1115
1973-02-13,1037
1973-02-14,1184
1973-02-15,1092
1973-02-16,1091
1973-02-17,1085
1973-02-18,1034
1973-02-19,1024
1973-02-20,973
1973-02-21,1193
1973-02-22,692
1973-02-23,407
1973-02-24,400
1973-02-25,592
1973-02-26,506
1973-02-27,398
1973-02-28,390
1973-03-01,387
1973-03-02,390
1973-03-03,405
1973-03-04,324
1973-03-05,457
1973-03-06,480
1973-03-07,444
1973-03-08,460
1973-03-09,513
1973-03-10,542
1973-03-11,558
1973-03-12,687
1973-03-13,705
1973-03-14,819
1973-03-15,707
1973-03-16,810
1973-03-17,886
1973-03-18,824
1973-03-19,785
1973-03-20,868
1973-03-21,877
1973-03-22,928
1973-03-23,881
1973-03-24,885
1973-03-25,787
1973-03-26,820
1973-03-27,823
1973-03-28,845
1973-03-29,762
1973-03-30,842
1973-03-31,837
1973-04-01,726
1973-04-02,723
1973-04-03,783
1973-04-04,720
1973-04-05,756
1973-04-06,803
1973-04-07,826
1973-04-08,816
1973-04-09,791
1973-04-10,802
1973-04-11,760
1973-04-12,706
1973-04-13,757
1973-04-14,860
1973-04-15,769
1973-04-16,890
1973-04-17,829
1973-04-18,790
1973-04-19,787
1973-04-20,793
1973-04-21,785
1973-04-22,824
1973-04-23,874
1973-04-24,890
1973-04-25,853
1973-04-26,829
1973-04-27,839
1973-04-28,860
1973-04-29,811
1973-04-30,899
1973-05-01,810
1973-05-02,819
1973-05-03,822
1973-05-04,857
1973-05-05,803
1973-05-06,816
1973-05-07,897
1973-05-08,893
1973-05-09,895
1973-05-10,807
1973-05-11,894
1973-05-12,878
1973-05-13,812
1973-05-14,840
1973-05-15,945
1973-05-16,878
1973-05-17,886
1973-05-18,876
1973-05-19,884
1973-05-20,900
1973-05-21,771
1973-05-22,879
1973-05-23,790
1973-05-24,828
1973-05-25,871
1973-05-26,891
1973-05-27,789
1973-05-28,826
1973-05-29,846
1973-05-30,844
1973-05-31,862
1973-06-01,830
1973-06-02,840
1973-06-03,803
1973-06-04,824
1973-06-05,818
1973-06-06,818
1973-06-07,804
1973-06-08,854
1973-06-09,795
1973-06-10,856
1973-06-11,801
1973-06-12,818
1973-06-13,837
1973-06-14,834
1973-06-15,828
1973-06-16,755
1973-06-17,692
1973-06-18,732
1973-06-19,767
1973-06-20,800
1973-06-21,790
1973-06-22,754
1973-06-23,747
1973-06-24,705
1973-06-25,772
1973-06-26,710
1973-06-27,778
1973-06-28,787
1973-06-29,788
1973-06-30,829
1973-07-01,801
1973-07-02,799
1973-07-03,759
1973-07-04,756
1973-07-05,743
1973-07-06,712
1973-07-07,609
1973-07-08,635
1973-07-09,702
1973-07-10,774
1973-07-11,772
1973-07-12,711
1973-07-13,829
1973-07-14,824
1973-07-15,703
1973-07-16,749
1973-07-17,768
1973-07-18,763
1973-07-19,809
1973-07-20,832
1973-07-21,731
1973-07-22,723
1973-07-23,763
1973-07-24,819
1973-07-25,818
1973-07-26,793
1973-07-27,847
1973-07-28,851
1973-07-29,770
1973-07-30,814
1973-07-31,816
1973-08-01,775
1973-08-02,762
1973-08-03,786
1973-08-04,824
1973-08-05,799
1973-08-06,864
1973-08-07,924
1973-08-08,807
1973-08-09,858
1973-08-10,854
1973-08-11,807
1973-08-12,706
1973-08-13,813
1973-08-14,820
1973-08-15,557
1973-08-16,169
1973-08-17,226
1973-08-18,274
1973-08-19,284
1973-08-20,381
1973-08-21,344
1973-08-22,330
1973-08-23,323
1973-08-24,357
1973-08-25,292
1973-08-26,220
1973-08-27,351
1973-08-28,312
1973-08-29,343
1973-08-30,353
1973-08-31,332
1973-09-01,283
1973-09-02,295
1973-09-03,389
1973-09-04,356
1973-09-05,374
1973-09-06,347
1973-09-07,330
1973-09-08,279
1973-09-09,271
1973-09-10,368
1973-09-11,309
1973-09-12,353
1973-09-13,341
1973-09-14,298
1973-09-15,307
1973-09-16,251
1973-09-17,321
1973-09-18,337
1973-09-19,366
1973-09-20,343
1973-09-21,339
1973-09-22,335
1973-09-23,275
1973-09-24,315
1973-09-25,357
1973-09-26,308
1973-09-27,339
1973-09-28,343
1973-09-29,313
1973-09-30,309
1973-10-01,318
1973-10-02,338
1973-10-03,323
1973-10-04,346
1973-10-05,335
1973-10-06,246
1973-10-07,178
1973-10-08,170
1973-10-09,218
1973-10-10,304
1973-10-11,359
1973-10-12,346
1973-10-13,329
1973-10-14,294
1973-10-15,326
1973-10-16,293
1973-10-17,337
1973-10-18,340
1973-10-19,300
1973-10-20,318
1973-10-21,272
1973-10-22,339
1973-10-23,337
1973-10-24,319
1973-10-25,323
1973-10-26,331
1973-10-27,288
1973-10-28,265
1973-10-29,339
1973-10-30,330
1973-10-31,345
1973-11-01,281
1973-11-02,330
1973-11-03,297
1973-11-04,296
1973-11-05,254
1973-11-06,290
1973-11-07,281
1973-11-08,319
1973-11-09,314
1973-11-10,263
1973-11-11,189
1973-11-12,177
1973-11-13,267
1973-11-14,325
1973-11-15,267
1973-11-16,223
1973-11-17,221
1973-11-18,245
1973-11-19,269
1973-11-20,292
1973-11-21,291
1973-11-22,265
1973-11-23,308
1973-11-24,290
1973-11-25,284
1973-11-26,342
1973-11-27,343
1973-11-28,337
1973-11-29,359
1973-11-30,335
1973-12-01,283
1973-12-02,241
1973-12-03,320
1973-12-04,311
1973-12-05,322
1973-12-06,381
1973-12-07,355
1973-12-08,327
1973-12-09,268
1973-12-10,358
1973-12-11,336
1973-12-12,350
1973-12-13,333
1973-12-14,329
1973-12-15,316
1973-12-16,259
1973-12-17,323
1973-12-18,331
1973-12-19,300
1973-12-20,333
1973-12-21,353
1973-12-22,301
1973-12-23,281
1973-12-24,290
1973-12-25,239
1973-12-26,300
1973-12-27,315
1973-12-28,344
1973-12-29,307
1973-12-30,261
1973-12-31,268
19730419,1
19730504,1
19730712,1
1974-01-01,267
1974-01-02,342
1974-01-03,353
1974-01-04,329
1974-01-05,320
1974-01-06,272
1974-01-07,345
1974-01-08,349
1974-01-09,342
1974-01-10,338
1974-01-11,378
1974-01-12,331
1974-01-13,287
1974-01-14,362
1974-01-15,338
1974-01-16,362
1974-01-17,358
1974-01-18,374
1974-01-19,306
1974-01-20,286
1974-01-21,355
1974-01-22,325
1974-01-23,273
1974-01-24,292
1974-01-25,287
1974-01-26,286
1974-01-27,269
1974-01-28,350
1974-01-29,351
1974-01-30,380
1974-01-31,377
1974-02-01,387
1974-02-02,345
1974-02-03,302
1974-02-04,370
1974-02-05,370
1974-02-06,356
1974-02-07,347
1974-02-08,368
1974-02-09,351
1974-02-10,299
1974-02-11,326
1974-02-12,358
1974-02-13,394
1974-02-14,378
1974-02-15,362
1974-02-16,351
1974-02-17,292
1974-02-18,353
1974-02-19,355
1974-02-20,384
1974-02-21,393
1974-02-22,370
1974-02-23,344
1974-02-24,275
1974-02-25,362
1974-02-26,352
1974-02-27,372
1974-02-28,357
1974-03-01,365
1974-03-02,352
1974-03-03,277
1974-03-04,363
1974-03-05,375
1974-03-06,385
1974-03-07,376
1974-03-08,382
1974-03-09,341
1974-03-10,333
1974-03-11,371
1974-03-12,374
1974-03-13,340
1974-03-14,366
1974-03-15,373
1974-03-16,330
1974-03-17,306
1974-03-18,350
1974-03-19,355
1974-03-20,349
1974-03-21,352
1974-03-22,350
1974-03-23,349
1974-03-24,273
1974-03-25,373
1974-03-26,311
1974-03-27,333
1974-03-28,376
1974-03-29,349
1974-03-30,356
1974-03-31,291
1974-04-01,354
1974-04-02,321
1974-04-03,371
1974-04-04,363
1974-04-05,371
1974-04-06,304
1974-04-07,286
1974-04-08,332
1974-04-09,338
1974-04-10,363
1974-04-11,358
1974-04-12,358
1974-04-13,347
1974-04-14,290
1974-04-15,326
1974-04-16,364
1974-04-17,361
1974-04-18,380
1974-04-19,369
1974-04-20,332
1974-04-21,277
1974-04-22,340
1974-04-23,380
1974-04-24,344
1974-04-25,368
1974-04-26,353
1974-04-27,317
1974-04-28,272
1974-04-29,348
1974-04-30,353
1974-05-01,323
1974-05-02,350
1974-05-03,351
1974-05-04,359
1974-05-05,286
1974-05-06,315
1974-05-07,360
1974-05-08,391
1974-05-09,359
1974-05-10,370
1974-05-11,356
1974-05-12,304
1974-05-13,340
1974-05-14,340
1974-05-15,345
1974-05-16,345
1974-05-17,342
1974-05-18,272
1974-05-19,298
1974-05-20,333
1974-05-21,336
1974-05-22,348
1974-05-23,369
1974-05-24,338
1974-05-25,337
1974-05-26,244
1974-05-27,288
1974-05-28,326
1974-05-29,337
1974-05-30,292
1974-05-31,311
1974-06-01,314
1974-06-02,250
1974-06-03,312
1974-06-04,323
1974-06-05,325
1974-06-06,317
1974-06-07,336
1974-06-08,295
1974-06-09,250
1974-06-10,327
1974-06-11,337
1974-06-12,316
1974-06-13,293
1974-06-14,301
1974-06-15,277
1974-06-16,284
1974-06-17,334
1974-06-18,319
1974-06-19,310
1974-06-20,308
1974-06-21,331
1974-06-22,312
1974-06-23,251
1974-06-24,328
1974-06-25,305
1974-06-26,323
1974-06-27,333
1974-06-28,321
1974-06-29,301
1974-06-30,231
1974-07-01,305
1974-07-02,319
1974-07-03,320
1974-07-04,283
1974-07-05,339
1974-07-06,301
1974-07-07,232
1974-07-08,311
1974-07-09,332
1974-07-10,326
1974-07-11,298
1974-07-12,318
1974-07-13,272
1974-07-14,255
1974-07-15,359
1974-07-16,341
1974-07-17,301
1974-07-18,369
1974-07-19,311
1974-07-20,330
1974-07-21,272
1974-07-22,328
1974-07-23,344
1974-07-24,362
1974-07-25,345
1974-07-26,325
1974-07-27,335
1974-07-28,264
1974-07-29,329
1974-07-30,313
1974-07-31,293
1974-08-01,331
1974-08-02,335
1974-08-03,349
1974-08-04,266
1974-08-05,305
1974-08-06,291
1974-08-07,307
1974-08-08,306
1974-08-09,339
1974-08-10,344
1974-08-11,265
1974-08-12,283
1974-08-13,250
1974-08-14,254
1974-08-15,266
1974-08-16,293
1974-08-17,298
1974-08-18,268
1974-08-19,331
1974-08-20,314
1974-08-21,329
1974-08-22,334
1974-08-23,344
1974-08-24,301
1974-08-25,246
1974-08-26,304
1974-08-27,313
1974-08-28,324
1974-08-29,302
1974-08-30,302
1974-08-31,303
1974-09-01,140
1974-09-02,156
1974-09-03,182
1974-09-04,204
1974-09-05,225
1974-09-06,212
1974-09-07,157
1974-09-08,152
1974-09-09,215
1974-09-10,221
1974-09-11,217
1974-09-12,218
1974-09-13,209
1974-09-14,214
1974-09-15,149
1974-09-16,218
1974-09-17,219
1974-09-18,240
1974-09-19,220
1974-09-20,249
1974-09-21,196
1974-09-22,164
1974-09-23,181
1974-09-24,204
1974-09-25,229
1974-09-26,205
1974-09-27,251
1974-09-28,218
1974-09-29,165
1974-09-30,205
1974-10-01,248
1974-10-02,245
1974-10-03,244
1974-10-04,261
1974-10-05,210
1974-10-06,134
1974-10-07,185
1974-10-08,219
1974-10-09,237
1974-10-10,225
1974-10-11,225
1974-10-12,170
1974-10-13,134
1974-10-14,194
1974-10-15,251
1974-10-16,213
1974-10-17,198
1974-10-18,193
1974-10-19,211
1974-10-20,146
1974-10-21,185
1974-10-22,200
1974-10-23,209
1974-10-24,229
1974-10-25,250
1974-10-26,201
1974-10-27,153
1974-10-28,189
1974-10-29,209
1974-10-30,224
1974-10-31,213
1974-11-01,202
1974-11-02,189
1974-11-03,157
1974-11-04,162
1974-11-05,222
1974-11-06,203
1974-11-07,229
1974-11-08,228
1974-11-09,227
1974-11-10,176
1974-11-11,242
1974-11-12,230
1974-11-13,251
1974-11-14,225
1974-11-15,192
1974-11-16,155
1974-11-17,157
1974-11-18,211
1974-11-19,230
1974-11-20,250
1974-11-21,241
1974-11-22,234
1974-11-23,233
1974-11-24,156
1974-11-25,241
1974-11-26,239
1974-11-27,229
1974-11-28,202
1974-11-29,217
1974-11-30,205
1974-12-01,175
1974-12-02,238
1974-12-03,243
1974-12-04,251
1974-12-05,260
1974-12-06,258
1974-12-07,248
1974-12-08,199
1974-12-09,267
1974-12-10,230
1974-12-11,229
1974-12-12,204
1974-12-13,202
1974-12-14,190
1974-12-15,188
1974-12-16,213
1974-12-17,232
1974-12-18,218
1974-12-19,123
1974-12-20,205
1974-12-21,213
1974-12-22,173
1974-12-23,223
1974-12-24,121
1974-12-25,147
1974-12-26,188
1974-12-27,232
1974-12-28,190
1974-12-29,184
1974-12-30,231
1974-12-31,20
19740221,1
1975-01-01,187
1975-01-02,250
1975-01-03,238
1975-01-04,213
1975-01-05,179
1975-01-06,243
1975-01-07,236
1975-01-08,264
1975-01-09,268
1975-01-10,270
1975-01-11,239
1975-01-12,208
1975-01-13,252
1975-01-14,295
1975-01-15,271
1975-01-16,271
1975-01-17,259
1975-01-18,220
1975-01-19,198
1975-01-20,261
1975-01-21,263
1975-01-22,270
1975-01-23,260
1975-01-24,274
1975-01-25,259
1975-01-26,220
1975-01-27,248
1975-01-28,253
1975-01-29,246
1975-01-30,243
1975-01-31,265
1975-02-01,235
1975-02-02,210
1975-02-03,254
1975-02-04,257
1975-02-05,300
1975-02-06,282
1975-02-07,268
1975-02-08,274
1975-02-09,205
1975-02-10,230
1975-02-11,184
1975-02-12,198
1975-02-13,232
1975-02-14,256
1975-02-15,230
1975-02-16,196
1975-02-17,235
1975-02-18,232
1975-02-19,238
1975-02-20,238
1975-02-21,244
1975-02-22,223
1975-02-23,192
1975-02-24,229
1975-02-25,261
1975-02-26,277
1975-02-27,269
1975-02-28,242
1975-03-01,246
1975-03-02,210
1975-03-03,269
1975-03-04,273
1975-03-05,272
1975-03-06,276
1975-03-07,291
1975-03-08,267
1975-03-09,222
1975-03-10,300
1975-03-11,304
1975-03-12,273
1975-03-13,275
1975-03-14,307
1975-03-15,243
1975-03-16,212
1975-03-17,243
1975-03-18,252
1975-03-19,246
1975-03-20,251
1975-03-21,261
1975-03-22,221
1975-03-23,204
1975-03-24,232
1975-03-25,243
1975-03-26,241
1975-03-27,217
1975-03-28,234
1975-03-29,206
1975-03-30,188
1975-03-31,184
1975-04-01,205
1975-04-02,204
1975-04-03,206
1975-04-04,207
1975-04-05,185
1975-04-06,185
1975-04-07,193
1975-04-08,218
1975-04-09,213
1975-04-10,217
1975-04-11,183
1975-04-12,161
1975-04-13,135
1975-04-14,171
1975-04-15,169
1975-04-16,178
1975-04-17,167
1975-04-18,144
1975-04-19,161
1975-04-20,150
1975-04-21,149
1975-04-22,142
1975-04-23,29
1975-04-24,32
1975-04-25,35
1975-04-26,31
1975-04-27,30
1975-04-28,34
1975-04-29,204
1975-04-30,66
1975-05-01,30
1975-05-02,33
1975-05-03,22
1975-05-04,17
1975-05-05,40
1975-05-06,39
1975-05-07,36
1975-05-08,35
1975-05-09,31
1975-05-10,20
1975-05-11,16
1975-05-12,36
1975-05-13,87
1975-05-14,127
1975-05-15,192
1975-05-16,22
1975-05-17,28
1975-05-18,12
1975-05-19,27
1975-05-20,31
1975-05-21,27
1975-05-22,29
1975-05-23,33
1975-05-24,17
1975-05-25,11
1975-05-26,10
1975-05-27,24
1975-05-28,37
1975-05-29,28
1975-05-30,29
1975-05-31,23
1975-06-01,14
1975-06-02,32
1975-06-03,33
1975-06-04,19
1975-06-05,30
1975-06-06,32
1975-06-07,20
1975-06-08,15
1975-06-09,39
1975-06-10,38
1975-06-11,35
1975-06-12,37
1975-06-13,32
1975-06-14,18
1975-06-15,11
1975-06-16,34
1975-06-17,35
1975-06-18,35
1975-06-19,29
1975-06-20,30
1975-06-21,23
1975-06-22,17
1975-06-23,24
1975-06-24,29
1975-06-25,28
1975-06-26,25
1975-06-27,30
1975-06-28,22
1975-06-29,15
1975-06-30,17
