Unit,Count
0,219
110FS,1
110LS,9606
112FS,1
112LS,10250
113LS,1
114LS,12399
116CTF,40
116LS,11452
118LS,6584
118SQ,1
119LS,2
11TRS,2
120FS,1
120LS,3674
122LS,9984
124LS,3078
12S0S,3
12SCHS,3
12SOS,283
12TFW,23538
12TRS,479
131AVN,6
13TFS,5
140LS,1
14S0W,2
14SOW,165
14TRS,1
1520FS,1
1526FS,1
15MAG1,18830
15MAGI,1
15SOS,1143
16MAG1,1
16SOS,20
16TRS,175
17SOS,18745
18S0S,5
18SOS,35739
19TAS,10883
19TASS,6
1MAW,16876
1S0S,2
1SOS,1012
20SOS,2410
20TAS,13559
20TAS2,231
20TASS,17
211HS,10265
2124LS,1
213HS,9396
215HS,9240
217HS,9776
217SQ,1
218LS,1
219FS,1
219HS,4782
21S0S,4
21SOS,4897
21SOSK,7
21TAS,10946
21TAS1,26
21TASS,35
221HS,8724
221LS,1
223FS,1
223HS,9701
225HS,7200
227HH,3
227HS,7331
229HS,9506
229SQ,1
22SOS,24
22TAS,5008
22TASS,1
231HS,8597
232HS,1
232SQ,1
233HS,6194
233SQ,1
234HS,7
235HS,8503
235HSS,1
237AS,1
237HS,5318
238FS,7
239HS,5601
239SQ,1
23TA1,7
23TAS,9653
23TAS1,2023
23TASS,23
240HS,8
241HS,2125
241SQ,1
243FS,1
243HS,6493
245HS,4491
247HS,1135
249HS,756
249SW,2
251HS,3027
253HS,1875
254TFW,2
255HS,1772
257HS,1249
259AH,867
259BH,1061
259CH,1356
259CS,1
259DH,1204
259EH,656
259GH,830
259HH,679
259HI,1
259HS,15
259IH,885
25TFS,1
2OTAS,11
2RAF,10475
306TFS,1
307SOW,4
307SW,36822
307TFS,5
309TFS,1
310TAS,931
311TAS,7
314SAM,4006
314SM,1736
314TS,37
315AD,19
315SOW,1
315TAW,526
316TEW,1
31ARRS,62
31TFW,18949
32TAS,4
333TFS,2
33WG,1
347TFW,1900
34TFS,1
352TFS,3
354TFS,2
354TFW,15596
355TFS,1
355TFW,11567
359BH,1
35TFW,38938
35TFWB,5
35TFWT,1
360TEW,17037
361TE1,2106
361TEW,13261
362TEW,11488
366TFW,69055
36ARRS,1
374TAW,11426
374TFW,2
374TRW,1
376SW,24
377ABW,10
37AARS,3
37ARRG,1
37ARRS,2268
37TFW,3463
388TFW,72157
38ARRS,3514
38ARS,8
397SW,2
39ARRS,3966
3ARRGP,2721
3MAB,1379
3TFW,25287
405TFW,393
40AARS,1
40ARRS,9760
40ARS,4
4133SW,9096
413TS,4198
415TS,4216
416TFS,2
417TS,2
41ARRW,5
41TEW,1
41TEWS,587
41WG,1
420TS,2
421TFS,4
421TS,2574
4220AR,449
423FS,1
423TS,1634
4258SW,500
425SQ,1
425TS,1008
427SQ,1
427TS,1319
429CS,4
429FS,2
429SQ,1
429TS,2009
42TEW,7
42TEWS,13265
431CS,2
431TS,1919
432CSG,13
432TFW,1932
432TRW,101632
433TFS,4
435TFS,3
435TS,1996
437TS,2116
451TS,2
457TAS,9
457TFS,1
458TAS,5
459TAS,2
45TRS,304
460TFW,1
460TRW,9624
469TFS,1
474TAW,1
474TFW,18455
480TFS,2
483TAW,1490
497TFS,1
49TFW,13097
49TRW,2
4TFS,5
504 D1,3
50OMS,1
514FS,29115
516FS,23001
516SQ,2
518FS,24968
520FS,33897
522FS,17411
522TFS,1
524FS,23469
526FS,24956
528FS,13790
530FS,14321
531TFS,5
532FS,2499
534FS,1994
535TAS,1
535\AS,1
536FS,1536
537TAS,21
538FS,548
53TAW,2
540FS,886
541HS,1
542FS,959
544FS,959
545FS,1
546FS,1695
548FS,1229
550FS,701
552AEW,542
552RS,1773
552RSD,3
552RSW,1
553RF,1
553RS,1283
553RW,2928
553RW1,538
554RCS,1
554RS,120
555TFS,2
556RS2,1754
557TFS,1
566RS2,1
56AARS,3
56ARRS,2332
56S0W,6
56SOP,1
56SOS,15
56SOW,40313
56SOW3,1
56SOWS,1
56SOWV,1
602SOS,42
604SOS,128
606SOS,320
612TFS,3
614TFS,3
615TFS,3
6250SS,372
62WG,3
633CSG,66
6450CS,1
7023,1
716RS,10851
718RS,1538
718TS,1
720CS,1
720RS,11
720TS,892
723CTG,12
7253TU,2
725CTG,2
725CTU,1
74WG,1
770CTG,656
7735TG,1
773CTG,19289
774CTG,27183
775CT,4
775CTB,2
775CTF,13
775CTG,27859
776CTG,26003
776MTG,1
777CTG,26281
778CT3,1
778CTB,1
778CTG,17675
779CTG,12
77CTF,73861
77CTGJ,12
77TCF,2
781CTG,28
793CTG,21373
794CTG,447
795CTG,253
7AACS,1
7ABCC,1
7ABCCC,3289
7ACCS,6
7RRFS,1862
7RRS,1
817CS,13890
817TS,1065
819CS,8701
821CS,1564
825RS,1
82SRS,784
82SRSC,1
82WG,1
834AD,2
834ARD,15648
8AS,2
8FTW,2
8S0S,8
8SOS,36564
8SOS H,10
8SOS5,3
8TFW,208406
8TFW D,2
8TFW R,2
8TFWAW,1
8TFWBR,2
8TFWHO,1
8TFWPE,1
8TFWRE,5
90AS,3
90S0S,1
90SOS,1719
90SOW,2
999999,10
9SOA,186
9SOB,276
9SOC,219
9SOS,7805
A,42
ABCCC,6
AF,10
ALI,81
ALT,2
AQTH00,2
BT910,1
CTG723,11
CTG725,4
CTG775,1
CTG777,18
D,13
E7023,1
FLT,4
FTL,88
J    0,7
J AIX0,3
J00001,44
J1 KK0,1
J111F0,4
J11740,2
J15RTF,8
J1AGD0,3
J1IXAA,2
J1J89,1
J1JHJ0,4
J1JIS0,3
J1JIY0,3
J1JJA0,3
J1JJY0,5
J1JKA0,1
J1JKJ0,3
J1JKK0,4
J1JQI0,1
J1JQL0,1
J1LOH0,2
J1LQH0,1
J1MPL0,1
J23590,1
J23Z70,1
J2T910,3
J50105,6
J99999,10
JA   0,14
JA JD0,2
JA QL0,1
JA$QC0,2
JA$QH0,1
JA&CKB,1
JA0JU3,4
JA1830,1
JA1GD0,2
JA1JT0,1
JA1Q8B,1
JA1QI0,1
JA1XAA,3
JA25Q0,1
JA2BN0,1
JA33KB,2
JA3CK0,3
JA3CX0,1
JA3OC0,1
JA44Z0,1
JA5WXB,4
JA8PP0,9
JAA6D0,10
JAABD0,5
JAACD0,8
JAACK0,24
JAAD0,3
JAADAB,1
JAADG0,31
JAAFD0,3
JAAG00,5
JAAG0B,2
JAAGB0,5
JAAGD0,38687
JAAGDA,14
JAAGDB,2
JAAGDO,151
JAAGG0,5
JAAGIA,15
JAAGO0,27
JAAJD0,11
JAAKP0,7
JAALW0,1
JAAMM0,2
JAAMN0,244
JAANN0,1
JAAQPA,1
JAARWA,36
JABAN0,2
JABB00,3
JABBB0,1
JABBBR,1
JABBI0,3
JABBJ0,1
JABBKB,8
JABBN0,2009
JABBNA,1
JABBNO,2
JABBO0,20
JABBOO,1
JABBP0,309
JABBPA,6
JABBPB,2
JABBPO,3
JABBQ0,78
JABBQO,1
JABBR0,136
JABBRO,1
JABBT0,2
JABMC0,1
JABPP0,2
JAC1ZO,1
JACC10,3
JACCBL,10
JACCC0,17
JACCCB,2
JACCK0,27586
JACCK2,4
JACCKB,5373
JACCKC,1096
JACCKE,1
JACCKO,3
JACCL0,7621
JACCL3,6
JACCLA,4
JACCLB,4730
JACCLC,6548
JACCLO,17
JACCLR,2
JACCQ0,5
JACCR0,2
JACCRB,3
JACCW0,1
JACCX0,1
JACCXB,3
JACDA0,5
JACDAA,2
JACDAB,1
JACIZ0,2
JACIZO,1
JACKB0,2
JACKC0,4
JACKK0,7
JACKR0,44
JACLLB,2
JACLQ0,3
JACWX0,2
JACX0,1
JACXWB,3
JAD G0,1
JAD0S0,8
JADDP0,2
JADKSO,2
JADOS0,81
JADQS0,2
JAEFGC,1
JAEGT2,1
JAEGTC,1
JAENT0,4
JAENX0,9
JAEQXA,6
JAEQY0,401
JAEQYA,948
JAEQYB,81
JAETBC,1
JAETG0,405
JAETGA,452
JAETGB,609
JAETGC,1839
JAETGE,11
JAETGO,4
JAEUX0,8
JAEWX0,40648
JAEWXA,5
JAEWXB,108
JAEWXD,5
JAEWXO,42
JAEWXR,1
JAEXEB,5
JAEXNB,6
JAEXW0,7
JAEXWB,5137
JAEXWG,7
JAFF0,1
JAFFJ0,5
JAFFU0,12
JAFFV0,5448
JAFFVD,2
JAFFVO,6
JAFFY0,5
JAFGD0,2
JAFKV0,3
JAFQYB,8
JAFTGC,1
JAFWX0,824
JAFWX1,43
JAFWXA,1093
JAFWXI,39
JAFWXP,2
JAGGD0,5
JAGIZ0,11
JAGJL0,1
JAGQL0,26
JAGTGC,1
JAGWN0,15
JAGWNO,4
JAGWX0,5
JAHPPA,6
JAHQL0,1
JAHST0,10
JAHXT0,2094
JAHYC/,2
JAHYC0,2450
JAHYC3,2
JAHYCA,50
JAHYCD,76
JAI220,2
JAICR0,5
JAIDAA,4
JAIDAB,4
JAIJD0,8
JAIKAA,3
JAILAA,2
JAINM0,3
JAIOG0,3
JAIQC0,3
JAIWL0,5
JAIWLO,4
JAIWM0,687
JAIWN0,48
JAIWR0,1
JAIWX0,5
JAIX4A,1
JAIXA0,4
JAIXAA,468
JAIXI0,3
JAIXXA,1
JAIZU0,1447
JAIZV0,8
JAIZW0,21
JAIZZ0,3848
JAIZZB,1
JAJ&J0,4
JAJ-L0,3
JAJ068,2
JAJ0HB,4
JAJ0I0,6
JAJ0L0,17
JAJ120,7
JAJ1K0,8
JAJ1N0,1
JAJ1P0,3
JAJ1S0,3
JAJ1U0,1
JAJ1X0,2
JAJ1Z0,103
JAJ1ZO,3
JAJ212,2
JAJ2J0,3
JAJ2L0,4
JAJ2Y0,2
JAJ4Q0,1
JAJ4U0,3
JAJ620,4
JAJ870,1
JAJAB0,6
JAJAC0,4
JAJAD0,61
JAJAI0,5
JAJAJ0,8
JAJAKP,1
JAJAL0,2
JAJAQ0,1
JAJAQL,1
JAJAY0,4
JAJAZ0,6
JAJB0,2
JAJBB0,169
JAJBBN,1
JAJBBQ,1
JAJBJ0,1
JAJBN0,4
JAJBP0,1
JAJBU0,1
JAJBUO,1
JAJBY0,14
JAJBZ0,2
JAJCB0,4
JAJCC0,3
JAJCI0,9
JAJCKB,4
JAJCL0,1
JAJCLB,11
JAJCQ0,3
JAJCR0,3
JAJCX0,2
JAJD0,3
JAJDAA,5
JAJDK0,3
JAJDL0,2
JAJDP0,1
JAJEX0,2
JAJEXB,2
JAJF0B,4
JAJFB0,1
JAJFK0,35
JAJFZ0,2
JAJG20,3
JAJGB0,8
JAJGD0,9
JAJGHB,1
JAJGU0,3
JAJGV0,162
JAJGW0,4465
JAJGWO,1
JAJGZ0,254
JAJH30,3
JAJH41,4
JAJHA0,2
JAJHB0,3
JAJHD0,236
JAJHI0,2
JAJHJ0,27633
JAJHJA,6
JAJHJO,1
JAJHJQ,1
JAJHN0,5
JAJHQB,2
JAJHS0,8306
JAJHW0,4123
JAJI0,7
JAJI00,3
JAJI0U,5
JAJI10,1
JAJI20,6
JAJI70,2
JAJIA0,2
JAJIB0,8
JAJIC0,5
JAJID0,3
JAJIG0,5358
JAJIH0,5179
JAJII0,1
JAJIJ0,19547
JAJIK0,1782
JAJIKO,18
JAJIL0,26084
JAJILO,27
JAJILQ,2
JAJIM0,19193
JAJIMO,3
JAJIN0,14011
JAJINO,8
JAJINU,18
JAJIO0,5
JAJIP0,954
JAJIPO,1
JAJIQ0,303
JAJIQH,3
JAJIS0,22013
JAJIS3,4
JAJISA,2
JAJISO,10
JAJIU0,14258
JAJIUO,1
JAJIV0,6752
JAJIVO,2
JAJIWX,1
JAJIX0,13968
JAJIXO,3
JAJIXS,2
JAJIY0,20280
JAJIYO,3
JAJIZ0,19441
JAJIZO,28
JAJIZP,3
JAJIZX,1
JAJJ0,2
JAJJ00,45
JAJJ0S,1
JAJJ10,20
JAJJ20,6
JAJJ21,1
JAJJ30,1
JAJJ40,6
JAJJ80,4
JAJJA0,15239
JAJJAO,5
JAJJB,3
JAJJB0,25125
JAJJBO,2
JAJJC0,12
JAJJCL,1
JAJJD,3
JAJJD0,6774
JAJJDO,19
JAJJF0,1972
JAJJFO,5
JAJJH0,432
JAJJHO,5
JAJJI0,16932
JAJJI6,1
JAJJIL,15
JAJJIO,3
JAJJIX,1
JAJJJ0,8682
JAJJJA,55
JAJJJO,16
JAJJK0,114
JAJJKA,5
JAJJKB,4
JAJJL0,14917
JAJJLB,1
JAJJLO,20
JAJJM0,2
JAJJN0,18
JAJJO0,15379
JAJJP0,1371
JAJJPO,26
JAJJQ0,3861
JAJJQL,4
JAJJQO,44
JAJJR0,12
JAJJS0,4
JAJJT0,22076
JAJJTO,9
JAJJU0,29811
JAJJUO,30
JAJJV0,59
JAJJW0,2
JAJJX0,25
JAJJY,8
JAJJY0,29084
JAJJYO,22
JAJJZ0,22893
JAJJZO,14
JAJK&0,2
JAJK00,2
JAJK0B,4
JAJK0S,7
JAJK40,3
JAJK50,2
JAJK60,7
JAJKA0,20456
JAJKAO,9
JAJKAQ,6
JAJKB0,15058
JAJKBA,18
JAJKBO,12
JAJKC0,19934
JAJKCA,8
JAJKCD,2
JAJKCO,5
JAJKE0,2
JAJKF0,522
JAJKFJ,2
JAJKG0,10
JAJKH0,7991
JAJKHO,4
JAJKI0,4
JAJKJ-,2
JAJKJ0,22178
JAJKJL,7
JAJKJO,4
JAJKK0,23148
JAJKKO,13
JAJKL0,8
JAJKMO,1
JAJKP0,2067
JAJKPO,243
JAJKPQ,3
JAJKQ0,3
JAJKR0,597
JAJKRO,32
JAJKS0,1584
JAJKSA,3
JAJKSO,103
JAJKU0,3
JAJKUA,2
JAJKX0,3
JAJKY0,54
JAJL0,2
JAJLA0,4
JAJLB0,2
JAJLJ0,4
JAJLN0,687
JAJLN3,2
JAJLNO,35
JAJLO0,8
JAJLQ0,8
JAJLTA,240
JAJM0U,2
JAJMI0,8
JAJNJ0,498
JAJNU0,23
JAJOC0,1
JAJOG0,4
JAJOH0,6
JAJOL0,1
JAJOO0,1
JAJP0T,4
JAJPI0,2
JAJPL0,2
JAJQ&0,2
JAJQ10,2
JAJQ20,9
JAJQ80,1
JAJQBA,1
JAJQBH,5
JAJQC0,21
JAJQF0,8
JAJQGB,1
JAJQH0,3
JAJQH8,3
JAJQHB,7212
JAJQHP,3
JAJQI0,32392
JAJQIC,6
JAJQIO,9
JAJQIQ,2
JAJQJ0,1
JAJQL0,17061
JAJQLA,1
JAJQLO,18
JAJQNB,1
JAJQP0,18629
JAJQP4,1
JAJQPA,1070
JAJQPO,11
JAJQPS,1
JAJQQ0,3
JAJQR0,1
JAJQT0,5
JAJQU0,1
JAJRB0,4
JAJRF0,3
JAJRR0,2
JAJRY0,3
JAJT00,2
JAJTGC,7
JAJTI0,4
JAJTLA,7
JAJTR0,16
JAJTZ0,5
JAJU0,3
JAJU10,2
JAJUB0,68
JAJUD0,3
JAJUI0,2
JAJUJ0,3
JAJUP0,4
JAJUX0,1
JAJUZ0,4
JAJWM0,2
JAJWR0,2
JAJWX0,4
JAJXAA,4
JAJXC0,1
JAJXP0,1
JAJXR0,4
JAJXWB,13
JAJY0,7
JAJYI0,22
JAJYL0,2
JAJYZ0,5
JAJZ0,4
JAJZO0,1
JAJZP0,1
JAJZU0,1
JAJZW0,1
JAJZZ0,1
JAKB0,1
JAKDAA,2
JAKIA0,2
JAKLQH,1
JAKQLO,1
JAKWP0,2
JAL C0,2
JAL G0,3
JAL&Z0,2
JAL0C0,50
JAL0G0,31
JAL0H0,9
JAL0Q0,1
JAL30C,1
JAL4AB,1
JAL5H0,1
JALAD0,9
JALBD0,2
JALBQ0,1
JALC00,3
JALCC0,1
JALCH0,1
JALCK0,9
JALCM0,2
JALCN0,2
JALCNO,1
JALCO0,37
JALCQ0,506
JALCQO,1
JALCR0,68
JALCRO,3
JALCW0,1895
JALCW3,1
JALCWA,1
JALCWK,2
JALCWO,28
JALCX0,2724
JALCXO,478
JALCY0,10
JALCZ0,745
JALCZO,102
JALDA0,26088
JALDAA,2072
JALDAB,2334
JALDAD,1233
JALDAF,1437
JALDAO,40
JALDAR,3
JALDB0,868
JALDBA,5
JALDC0,9
JALDD0,1
JALDDA,5
JALDG0,4
JALDH0,1
JALDHB,1
JALEX0,7
JALEZ0,1
JALGAB,2
JALGC0,34
JALGD0,91
JALIL0,4
JALIN0,7
JALIQ0,2
JALIX0,7
JALIZ0,11
JALJB0,3
JALJI0,3892
JALJN0,1
JALKS0,15
JALLDA,3
JALLOH,1
JALNR0,1
JALNSO,3
JALOA0,1
JALOAA,3
JALOAB,2
JALOAF,2
JALOC0,3473
JALOCO,48
JALOE0,5
JALOG0,1728
JALOH,1
JALOH0,4254
JALOHA,1
JALOHB,4
JALOHO,2
JALOHQ,2
JALOJ0,3
JALOS0,1
JALOU0,2
JALPAA,6
JALQC0,3640
JALQCO,3
JALQCQ,5
JALQH0,3407
JALQH1,1
JALQHO,12
JALQHQ,3
JALQI0,5
JALQO0,8
JALQP0,2
JALRY0,1572
JALTC0,1
JALTJ0,8
JALUC0,3
JALVWR,8
JALW90,2
JALWA0,1
JALWD0,2
JALWP0,29
JALWPA,5525
JALWPO,2
JALWR0,31603
JALWRO,1
JALWS0,29
JALWSD,1
JALWT0,2
JALX0,1
JALXAA,1
JALXC0,47
JALXCO,3
JAM F0,1
JAM020,3
JAM060,20
JAM0F0,164
JAM0G0,116
JAM0H0,3
JAM0Z0,1
JAMAF0,1
JAMAG0,3
JAMAH0,1
JAMBL0,1
JAMD0G,6
JAMDF0,15
JAMDG0,22
JAMDL0,2
JAMI0S,1
JAMIG0,1
JAMJG0,15
JAMMN0,1
JAMND0,257
JAMNDO,3
JAMNF0,2
JAMNG0,41
JAMNH0,47
JAMNHO,1
JAMNK0,278
JAMNKO,1
JAMNM0,2075
JAMNM3,1
JAMNMA,9
JAMNMO,1
JAMO2O,1
JAMO60,23
JAMO70,1
JAMOC0,5
JAMOE0,7
JAMOF0,10648
JAMOFO,7
JAMOG0,15264
JAMOGO,2
JAMOH0,10945
JAMOP0,2
JAMOZ0,5272
JAMP60,3
JAMP80,1
JAMPG0,31642
JAMPH,1
JAMPH0,20554
JAMPHO,57
JAMPL0,3839
JAMPLO,2
JAMPP0,4883
JAMPPA,1298
JAMQG0,2
JAMQL0,13
JAMRL0,7
JAMSO0,1
JAMTI0,755
JAMTR0,2
JAN0F0,5
JAND0G,2
JANNM0,1
JANOF0,1
JANOG0,1
JANOS0,1
JANOZ0,1
JANS00,5
JANSD0,3
JANSO0,5847
JANSS0,11554
JANSX0,82
JANSY0,31
JANUV0,76
JANUVA,1
JANUY0,3
JANUZ0,2
JANVB0,2
JANVC0,2
JANVF0,2
JANVFO,2
JAOHL0,1
JAOLJ0,128
JAOLX0,385
JAONK0,194
JAONKO,1
JAONL0,1396
JAOOY0,1690
JAOOZ0,1
JAOQC0,4
JAOVW0,11854
JAOVWO,1
JAOWA0,346
JAOWC0,8105
JAPNS0,3673
JAPNU0,36982
JAPOF0,5979
JAPPB0,1
JAQI0,1
JAQLC0,15
JAQLZ0,3080
JAQMG0,1791
JAQMH0,1537
JAQOP0,1522
JAQOPO,1
JAQOY0,1276
JAQQI0,1
JAQTH0,739
JARQL0,1
JARWL0,2
JASKC0,2
JASLYB,1
JATKG0,3
JATXAA,1
JAUIK0,1
JAUUF0,5
JAUWM0,3
JAWEWB,1
JAWLP0,2
JAWOC0,20
JAWXWB,9
JAXHT0,38
JAXIAA,8
JAXWXB,1
JAZ1Z0,3
JAZU00,1
JBBDT0,6857
JBBFF0,9679
JBBFN0,6249
JBBH50,1710
JBBHV0,9015
JBBHW0,5922
JBC050,4
JBC060,4
JBC070,59
JBC080,1
JBC1T0,12228
JBC3D0,65
JBC3H0,22118
JBC500,9
JBC510,9
JBC520,1120
JBC530,1
JBC550,59
JBC6H0,8066
JBD5W0,6218
JBD810,1
JBD850,3
JBD930,10482
JBD950,10777
JBDH80,1352
JBDXD0,1084
JBFB50,11474
JBFB70,10580
JBFB90,13664
JBFBD0,12142
JBFBF0,9856
JBFBH0,9889
JBFBJ0,9885
JBFBK0,6610
JBFBP0,13160
JBFBR0,6229
JBFBS0,2738
JBFBV0,5918
JBFBW0,11907
JBFBX0,13446
JBFBZ0,3014
JBFC00,12748
JBFC10,22
JBFC40,70
JBFCD0,11074
JBFCG0,17011
JBFCH0,7639
JBFCM0,4416
JBFCP0,5342
JBFCQ0,5222
JBFCR0,5675
JBFCZ0,12879
JBFDN0,33923
JBFDP0,15009
JBFDQ0,37415
JBFDR0,9728
JBHSB0,16164
JBHSD0,4217
JBJ1V0,1320
JBJ3D0,7477
JBJIV0,136
JBK340,8
JBK3J0,2991
JBK3L0,16673
JBK3LO,1
JBKLN0,5695
JBKNR0,4825
JBL2S0,1106
JBL6S0,151
JBLNT0,3095
JBM2D0,222
JBM2F0,10282
JBM2G0,7672
JBM5K0,5508
JBMD20,2718
JBMF10,1630
JBMGM0,958
JBMGW0,1560
JBMT60,307
JBMTN0,3269
JBMTV0,970
JBN580,1845
JBNCX0,14127
JBNKJ0,17
JBNLS0,771
JBNR70,2
JBNRN0,1
JBNSG0,5
JBP880,25733
JBPGZ0,58
JBPK80,2492
JBPLV0,2510
JBPVS0,806
JBQK20,8386
JBRGF0,4277
JBRP90,2532
JBS0Z0,11829
JBSD60,13440
JBSHB0,834
JBSKQ0,15958
JBSM60,1889
JBSOZO,1
JBSSK0,655
JBT 10,1
JBT0C0,1750
JBT0J0,374
JBT0P0,1
JBT810,2
JBT91/,4
JBT910,36950
JBT920,1
JBTZ&0,10
JBTZP0,7154
JEATGC,1
JHEWX0,2
JHIIP0,1
JHJILO,3
JHJJL0,3
JIJIZO,5
JJAJZ0,3
JJJJJ9,1
JJLDA0,2
JKJJB0,4
JKLQH0,23
JLACX0,3
JLACXO,1
JLALX0,1
JLKQH0,2
JMAMN0,1
JMOWC0,8
JMPPC0,5
JMPPCA,3
JNT910,2
JOM0Z0,1
KAF,24506
M  013,1
M 1211,2
M00000,1
M00010,1
M00101,6
M00223,7
M01-12,3
M01003,1332
M01010,2
M01013,2709
M01015,1
M01017,35
M01020,5313
M01021,4
M01024,112
M01026,1
M01030,432
M01032,1
M01035,4
M01037,12934
M01038,1329
M01040,1
M01043,1
M01050,1
M01063,5
M01065,7536
M01070,1
M01071,2
M01080,1
M01083,2
M01086,6
M01087,3
M01089,3
M01100,2
M01103,2
M01104,2
M01110,9
M01112,1
M01113,1
M01114,4
M01115,27436
M01117,1
M01119,2
M01120,3
M01121,22116
M01122,12505
M01123,8
M01124,5
M01129,4
M01131,8
M01150,2
M01151,7
M01155,1
M01162,4
M01165,2
M01172,1
M01202,5
M01203,3
M01204,4
M01205,1
M01211,35411
M01212,360
M01213,4
M01214,9228
M01215,3
M01218,1
M01219,2
M01220,14
M01221,33
M01222,5
M01223,33507
M01224,6107
M01225,8554
M01228,2
M01229,4
M01230,1
M01232,15002
M01233,24
M01234,5
M01235,22205
M01236,1
M01240,6
M01241,1
M01242,27466
M01244,2
M0124C,1
M01255,2
M01265,8
M01270,14
M01272,1
M01304,1
M01311,39888
M01312,520
M01313,4
M01314,26779
M01315,1
M01319,1
M0131I,4
M01320,2
M01323,19084
M01324,2
M01325,5
M01331,3
M01333,2
M01334,6931
M01350,1
M01352,4
M01354,2
M01371,2
M01413,1
M01425,4
M01450,11
M01502,6
M01510,4
M01511,4
M01512,6
M01513,234
M01514,1
M01516,2
M01520,2
M01533,17260
M01542,23331
M01543,2
M01553,3
M01592,2
M01656,2
M01711,2
M01721,6
M01935,1
M01M01,2
M02010,3
M02013,3
M02115,2
M02121,5
M02141,1
M02211,2
M02233,1
M02235,2
M02241,4
M02242,6
M02314,3
M02323,4
M0235,1
M03223,2
M04009,1
M04223,1
M05008,1
M05421,8
M06312,2
M07020,1
M07223,2
M08004,1
M09000,2
M09004,1
M09008,7864
M09009,1
M09037,1
M09088,3
M09098,1
M09106,3
M09214,2
M09283,3
M09284,1
M09294,1
M09476,1
M09561,4
M09563,4
M09617,1
M09651,2
M09808,1
M09908,1
M09933,4
M0I223,1
M10214,2
M10223,5
M10224,17
M10235,8
M10242,1
M10311,6
M10314,4
M10323,3
M11211,3
M11311,3
M12230,2
M19008,1
M28418,1
M31214,3
M41224,2
M41317,1
M53520,13
M61323,1
M99999,7
MA2007,1
MA2065,1
MAJIN0,1
MAJJB0,4
MAJJL0,2
MAJKP0,3
MAJQL0,2
MALOH0,1
MC1214,19
MC1311,20
MC1513,11
MC1542,6
MD1223,1
MD1323,1
MJAFFV,1
MJAJQH,5
MJAJQL,4
MJALCO,2
MM0131,1
MMMMM0,6
MMMMMM,209
MN0948,1
MN0960,5
MN0993,3
MO1020,1
MO1115,3
MO1211,2
MO1212,1
MO1214,3
MO1224,4
MO1235,3
MO1242,7
MO1312,1
MO1314,2
MO1513,5
MO1542,9
MO9706,4
MU1314,1
N 8412,1
N 9048,1
N 9082,2
N 9106,4
N 9225,1
N 9279,5
N 9284,2
N 9294,5
N 9482,2
N 9706,4
N 9939,2
N00012,1
N00196,1
N00283,4
N00360,8
N00932,39
N00990,7
N01017,3
N01115,8
N01211,10
N01212,2
N01215,4
N01223,3
N01224,23
N01235,3
N01311,2
N01314,3
N01323,12
N01925,2
N02007,4
N02013,2
N02064,1
N02065,2
N02069,2
N02095,2
N02180,15
N02841,1
N02979,2
N02983,4
N02994,20
N03363,1
N04576,2
N05402,1
N05475,1
N05611,4
N06025,1
N06111,1
N06294,7
N06475,3
N06728,3
N06916,2
N07073,3
N07092,2
N07099,1
N07476,2
N07558,1
N07616,5
N07679,3
N07906,4
N08037,1
N08056,2
N08082,3
N08408,1
N08409,2
N08484,1
N08558,1
N08970,1
N08978,649
N08979,2
N09000,1
N09008,34
N09011,18
N09015,1
N09016,2
N09025,599
N09026,9
N09027,1
N09029,11
N0902S,1
N09030,1
N09032,1
N09033,4
N09034,13
N09037,43
N09039,1
N09042,1
N09043,1
N09045,127
N09046,14
N09048,1167
N09049,1
N09050,3
N09052,4
N09053,640
N09054,2983
N09055,1
N09056,6183
N09057,5
N09058,2448
N09059,6096
N0905B,2
N09060,80
N09062,8
N09063,1906
N09064,3167
N09065,4
N09067,8
N09069,4613
N09070,2136
N09072,16
N09073,4403
N09075,42
N09076,11570
N09077,11
N09078,1
N09079,6
N09080,8
N09081,2
N09082,2391
N09084,838
N09086,3838
N09087,5
N09088,4
N09089,1
N09090,1
N09091,5
N09092,7814
N09093,8189
N09094,2
N09095,18
N09096,46
N09097,6504
N09098,772
N09099,5047
N0909M,1
N09100,49
N09103,54
N09106,3679
N09122,7105
N09162,1
N09164,10
N09177,1
N09182,5
N09193,4
N09195,1
N09196,737
N09197,1819
N09198,21
N09204,6
N09205,9
N09207,2
N09209,1
N09224,542
N09225,9663
N09226,3
N09228,13
N09229,3
N0922K,2
N09234,3
N09239,5
N09244,1
N09245,1
N09248,2
N09251,1
N09252,1
N09254,1
N09256,4
N09258,3
N09268,3
N09270,1
N09272,2
N09274,3
N09275,7
N09276,5510
N09278,7
N09279,4507
N09280,2
N09281,6326
N09282,13
N09283,5329
N09284,5317
N09285,1
N09286,6
N09287,6
N09289,2592
N0929&,1
N09290,1
N09292,6
N09293,4612
N09294,4509
N09295,12049
N09296,4
N09297,25
N09298,3
N09299,2
N09303,1
N09306,3
N09311,7
N09314,9
N09315,1
N0933,2
N09332,2
N09345,3
N09346,5
N09354,13
N09361,159
N09364,1082
N09367,6
N09368,943
N09369,5
N09376,2
N09381,1
N09383,5
N09386,3
N09389,41
N09391,753
N09392,1
N09396,1
N09410,1
N09416,12
N09422,2
N09425,5
N09426,1
N09428,18
N09439,2
N09440,3
N09441,4
N09443,2
N09456,2
N09457,274
N09458,226
N09459,1073
N09462,755
N09463,675
N09465,1044
N09467,8
N09472,3
N09475,5874
N09476,122
N09477,15
N09478,1521
N09480,6681
N09482,10402
N09483,3
N09484,1
N09486,12
N09487,16
N09495,1
N09504,5
N09506,16
N09511,5
N09526,301
N09530,5
N09536,2
N09538,2
N09540,30
N09542,200
N09546,10803
N09548,1
N09552,1
N09557,953
N09558,5281
N09559,3910
N09560,71
N09561,6839
N09563,12411
N09565,5
N09567,2
N0956C,4
N09575,4
N09588,5
N0959,1
N09591,2
N09592,1
N09600,1
N09601,2
N09603,3255
N09604,5937
N09609,3
N0960B,1
N09610,3
N09611,9179
N09612,3
N09613,1
N09614,11938
N09615,777
N09616,7246
N09617,1025
N09619,7
N09625,10
N09628,3594
N09630,2
N09634,7
N09637,5997
N09638,6
N09639,7
N09641,2
N09645,2
N09651,8
N09660,4
N09661,4
N09667,4
N09670,3
N09673,2
N09674,5
N09675,8168
N09676,3991
N09677,7881
N09678,4463
N09679,7898
N0967C,2
N09691,1
N09695,4
N09696,514
N09697,9
N096N7,3
N097 6,3
N09701,6
N09702,2
N09703,232
N09704,4734
N09705,10778
N09706,10395
N09707,2123
N09708,10
N09709,20
N09710,3233
N09716,8
N09717,3440
N09722,5
N09726,1
N09728,8445
N09729,7
N09737,3
N09740,6
N09745,8
N09767,23
N09774,456
N09775,1
N09776,4
N0977J,1
N09780,3
N09789,5
N09809,6
N09829,1
N09842,5
N09864,2
N09879,1
N09890,2
N09893,3
N09903,24
N09907,4
N09909,6
N09913,1
N09915,3
N09922,3
N09923,6
N09924,4
N09925,3514
N09926,8
N09928,4
N09930,224
N09931,13
N09932,3570
N09933,12257
N09934,6063
N09935,3649
N09936,9
N09938,130
N09939,3863
N0993S,5
N09940,2091
N09941,4296
N09942,2524
N09943,8383
N09944,2847
N09946,2
N09950,1
N09953,4
N09959,1
N09969,995
N09970,817
N09971,413
N09975,1
N09982,3
N09994,1
N09998,1
N09999,1
N09K93,1
N10657,11
N12013,1
N12345,2
N13056,2
N18417,1
N19059,1
N20007,2
N20112,1
N21485,3
N22064,1
N22065,1
N24484,1
N24809,1
N24817,5
N24837,1
N28192,50
N28229,2
N28401,818
N28403,513
N28404,1
N28405,1242
N28406,447
N28407,1164
N28408,607
N28409,651
N2840C,3
N28411,137
N28412,1038
N28413,26
N28414,1054
N28415,191
N28416,889
N28417,428
N28418,13
N28422,2
N28423,4
N28424,1
N28425,192
N28428,3
N28429,346
N28431,14
N28434,1
N28437,769
N28439,233
N28441,787
N28442,756
N28444,1197
N28447,1
N28452,1
N28454,1
N28477,657
N28482,1
N28483,148
N28484,960
N28485,1
N28787,1
N28925,2
N28930,1
N28A09,1
N29289,1
N29425,2
N35303,1
N44281,1
N49448,1
N49679,2
N50030,11
N50040,4
N50105,3
N50970,1
N53503,782
N53505,5
N53520,512
N53700,1
N53708,227
N53748,2
N53901,132
N54001,1
N54002,522
N55901,1
N58444,1
N59048,11
N63915,1068
N63922,1669
N63923,5294
N63925,4744
N63984,6
N65183,1445
N65185,5420
N78478,1
N92255,1
N92811,2
N9546,2
N9561C,3
N9637C,3
N99303,1
N99678,1
N99999,2
NA0196,117
NA0218,420
NA0242,462
NA0248,365
NA0832,277
NA0889,292
NA0916,3
NA0993,1
NA1064,1
NA1104,319
NA2003,3
NA2006,543
NA2007,444
NA2012,1553
NA2013,491
NA2024,1
NA2025,1
NA2046,1
NA2048,2
NA2056,1
NA2064,1642
NA2065,5885
NA2069,484
NA2070,4
NA2152,780
NA2174,39
NA2176,866
NA2180,846
NA2224,59
NA2302,1
NA2303,573
NA2305,64
NA2319,1425
NA2320,580
NA2321,343
NA2322,452
NA2343,541
NA2356,470
NA2357,333
NA2374,458
NA2480,2
NA2488,147
NA2505,403
NA2535,679
NA2546,358
NA2604,1
NA2966,1
NA6034,28
NA6057,13
NA9025,2
NA9092,7
NA9289,1
NA9558,1
NAI064,1
ND9935,2
NNNNN0,2
NNNNNN,2
NO9048,1
NO9069,1
NO9076,1
NO9093,4
NO9558,1
NO9614,1
NO9615,1
NO9617,1
NO9675,1
NO9677,3
NO9678,1
NO9679,5
NS3520,1
NS3708,1
PE7023,1
RAF,2190
RLAF,32786
RLAF C,4
RLAF00,14
SBW,37
SOW,3
T27023,4
T37023,4
TB-510,1
TE7020,1
TE7023,1886
TE7026,2
TE7092,1
TE7923,2
TIA,7
TU7253,76
TU778,2
TW7023,1
USAF,605
V00000,24
V00010,1
V00105,1
V00314,1
V00413,571
V00415,621
V00417,160
V00425,1
V00510,2
V00522,43
V05000,3
V09617,1
V10010,3
V30030,2
V40105,1
V41300,11
V41500,12
V5 010,3
V50000,4
V50010,21379
V50013,3
V50014,12
V50018,16
V50019,2
V50020,15925
V50023,1
V50030,20823
V50036,2
V50038,2
V50040,29654
V50041,3
V50050,4
V50070,2
V50074,3
V500B0,3
V50100,15514
V50101,7
V50102,3
V50105,19125
V50106,2
V50140,3
V5015,1
V50150,10
V50160,6683
V50200,1
V50230,85
V50240,374
V50260,1367
V50270,100
V50302,2
V5040,3
V50410,1
V50413,4
V50415,2
V50417,12
V50420,2
V50500,2
V50510,2
V50513,1
V50522,43
V50V00,2
V51650,2
V99999,4
VAH-4L,4
VAJJL0,3
VAW11G,1
VC0030,2
VD0030,2
VD0040,3
VM1323,2
VMCJ1,1
VNAF,141
VNAFF,1
VS0010,15
VS0020,13
VS0030,10
VS0040,2
VS0100,3
VS0105,18
VS010S,1
VS0160,7
VS0230,2
VS0413,1
VS0505,2
VS0522,4
VS5030,2
VVPAK0,3
VVVVVV,1
VY0030,3
W09092,2
W09546,4
WO,95
WWWWWW,208
YAHYC0,3
YE7023,1
